/*
MySQL Backup
Source Server Version: 5.5.8
Source Database: digiagent
Date: 2011/10/3 22:09:20
*/

SET FOREIGN_KEY_CHECKS=0;

-- ----------------------------
--  Table structure for `t_da_advertise`
-- ----------------------------
DROP TABLE IF EXISTS `t_da_advertise`;
CREATE TABLE `t_da_advertise` (
  `ADVERTISE_ID` int(11) NOT NULL COMMENT '广告词表系统主键',
  `ADVERTISE_DESCRIPTION` varchar(300) NOT NULL DEFAULT 'NA' COMMENT '广告词内容',
  `CREATED_BY` varchar(30) DEFAULT NULL COMMENT '创建者',
  `CREATED_DATE` datetime DEFAULT NULL COMMENT '创建时间',
  `LASTUPDATED_BY` varchar(30) DEFAULT NULL COMMENT '最后更新者',
  `LASTUPDATED_DATE` datetime DEFAULT NULL COMMENT '最后更新时间',
  `ACTIVE_FLAG` char(1) DEFAULT NULL COMMENT '激活标志位',
  PRIMARY KEY (`ADVERTISE_ID`)
) ENGINE=InnoDB DEFAULT CHARSET=utf8 COMMENT='广告词表';

-- ----------------------------
--  Table structure for `t_da_brand`
-- ----------------------------
DROP TABLE IF EXISTS `t_da_brand`;
CREATE TABLE `t_da_brand` (
  `BRAND_ID` int(10) unsigned NOT NULL AUTO_INCREMENT COMMENT '品牌系统主键',
  `BRAND_NAME` varchar(20) NOT NULL COMMENT '品牌中文名',
  `BRAND_ENGLISH` varchar(20) NOT NULL COMMENT '品牌英文名',
  `CREATED_BY` varchar(30) NOT NULL COMMENT '创建者',
  `CREATED_DATE` datetime NOT NULL COMMENT '创建时间',
  `LASTUPDATED_BY` varchar(30) NOT NULL COMMENT '最后更新者',
  `LASTUPDATED_DATE` datetime NOT NULL COMMENT '最后更新时间',
  `ACTIVE_FLAG` char(1) NOT NULL DEFAULT 'N' COMMENT '激活标志位',
  `COUNTRY_ID` int(10) unsigned NOT NULL COMMENT '国家信息的系统主键',
  PRIMARY KEY (`BRAND_ID`),
  KEY `COUNTRY_ID` (`COUNTRY_ID`),
  CONSTRAINT `t_da_brand_ibfk_1` FOREIGN KEY (`COUNTRY_ID`) REFERENCES `t_da_country` (`COUNTRY_ID`)
) ENGINE=InnoDB AUTO_INCREMENT=9 DEFAULT CHARSET=utf8 COMMENT='品牌信息表';

-- ----------------------------
--  Table structure for `t_da_category`
-- ----------------------------
DROP TABLE IF EXISTS `t_da_category`;
CREATE TABLE `t_da_category` (
  `CATEGORY_ID` int(10) unsigned NOT NULL AUTO_INCREMENT COMMENT '产品类别名系统主键',
  `CATEGORY_NAME` varchar(20) NOT NULL COMMENT '产品类别中文名',
  `CREATED_BY` varchar(30) NOT NULL COMMENT '创建者',
  `CREATED_DATE` datetime NOT NULL COMMENT '创建时间',
  `LASTUPDATED_BY` varchar(30) NOT NULL COMMENT '最后更新者',
  `LASTUPDATED_DATE` datetime NOT NULL COMMENT '最后更新时间',
  `ACTIVE_FLAG` char(1) NOT NULL DEFAULT 'N' COMMENT '激活标志位',
  PRIMARY KEY (`CATEGORY_ID`)
) ENGINE=InnoDB AUTO_INCREMENT=7 DEFAULT CHARSET=utf8 COMMENT='产品类别信息表';

-- ----------------------------
--  Table structure for `t_da_city`
-- ----------------------------
DROP TABLE IF EXISTS `t_da_city`;
CREATE TABLE `t_da_city` (
  `CITY_ID` int(10) unsigned NOT NULL AUTO_INCREMENT COMMENT '城市系统主键',
  `CITY_NAME` varchar(20) NOT NULL COMMENT '城市中文名',
  `CITY_ABBREVIATION` varchar(5) DEFAULT NULL COMMENT '城市缩写(如大连,DL)',
  `CREATED_BY` varchar(30) NOT NULL COMMENT '创建者',
  `CREATED_DATE` datetime NOT NULL COMMENT '创建时间',
  `LASTUPDATED_BY` varchar(30) NOT NULL COMMENT '最后更新者',
  `LASTUPDATED_DATE` datetime NOT NULL COMMENT '最后更新时间',
  `ACTIVE_FLAG` char(1) DEFAULT 'N' COMMENT '激活标志位',
  `PROVINCE_ID` int(10) unsigned NOT NULL COMMENT '省份的系统主键',
  PRIMARY KEY (`CITY_ID`),
  KEY `PROVINCE_ID` (`PROVINCE_ID`),
  CONSTRAINT `t_da_city_ibfk_1` FOREIGN KEY (`PROVINCE_ID`) REFERENCES `t_da_province` (`PROVINCE_ID`)
) ENGINE=InnoDB AUTO_INCREMENT=3 DEFAULT CHARSET=utf8 COMMENT='城市信息表，记录中城市的基本信息。';

-- ----------------------------
--  Table structure for `t_da_comments`
-- ----------------------------
DROP TABLE IF EXISTS `t_da_comments`;
CREATE TABLE `t_da_comments` (
  `COMMENT_ID` int(10) unsigned NOT NULL AUTO_INCREMENT COMMENT '商家评价的系统主键',
  `COMMENT_RANK` char(1) NOT NULL COMMENT '评价等级',
  `COMMENT_CONTENT` varchar(3000) DEFAULT NULL COMMENT '评价内容',
  `COMMENT_STATUS` char(1) NOT NULL DEFAULT 'N' COMMENT '评价状态,N:无发票,Y:有发票',
  `CREATED_BY` varchar(30) NOT NULL COMMENT '创建者',
  `CREATED_DATE` datetime NOT NULL COMMENT '创建时间',
  `LASTUPDATED_BY` varchar(30) NOT NULL COMMENT '最后更新者',
  `LASTUPDATED_DATE` datetime NOT NULL COMMENT '最后更新时间',
  `SUPPLIER_ID` int(10) unsigned NOT NULL COMMENT '供应商系统主键',
  `USER_ID` int(10) unsigned NOT NULL COMMENT '用户系统主键',
  PRIMARY KEY (`COMMENT_ID`),
  KEY `SUPPLIER_ID` (`SUPPLIER_ID`),
  KEY `USER_ID` (`USER_ID`),
  CONSTRAINT `t_da_comments_ibfk_1` FOREIGN KEY (`SUPPLIER_ID`) REFERENCES `t_da_supplier` (`SUPPLIER_ID`),
  CONSTRAINT `t_da_comments_ibfk_2` FOREIGN KEY (`USER_ID`) REFERENCES `t_da_user` (`USER_ID`)
) ENGINE=InnoDB DEFAULT CHARSET=utf8 COMMENT='商家评价信息';

-- ----------------------------
--  Table structure for `t_da_commodity`
-- ----------------------------
DROP TABLE IF EXISTS `t_da_commodity`;
CREATE TABLE `t_da_commodity` (
  `COMMODITY_ID` int(10) unsigned NOT NULL AUTO_INCREMENT COMMENT '商品系统主键',
  `COMMODITY_NAME` varchar(30) NOT NULL COMMENT '商品名称',
  `COMMODITY_DESCRIPTION` varchar(3000) NOT NULL COMMENT '商品介绍',
  `START_DATE` datetime DEFAULT NULL COMMENT '有效期开始时间',
  `END_DATE` datetime DEFAULT NULL COMMENT '有效期结束时间',
  `COMMODITY_TYPE` char(1) NOT NULL DEFAULT 'P' COMMENT '商品类型(S:二手，P:促销)',
  `COMMODITY_PRICE` float(10,2) unsigned DEFAULT NULL COMMENT '商品的价格',
  `USER_ID` int(10) unsigned NOT NULL COMMENT '用户系统主键',
  `CREATED_BY` varchar(30) NOT NULL COMMENT '创建者',
  `CREATED_DATE` datetime NOT NULL COMMENT '创建时间',
  `LASTUPDATED_BY` varchar(30) NOT NULL COMMENT '最后更新者',
  `LASTUPDATED_DATE` datetime NOT NULL COMMENT '最后更新时间',
  `ACTIVE_FLAG` char(1) NOT NULL DEFAULT 'N' COMMENT '激活标志位',
  `PRODUCT_ID` int(10) unsigned NOT NULL DEFAULT '1' COMMENT '产品',
  `COMMODITY_PRICE_OLD` float(10,2) unsigned DEFAULT '0.00' COMMENT '促销页面原价',
  PRIMARY KEY (`COMMODITY_ID`),
  KEY `USER_ID` (`USER_ID`),
  CONSTRAINT `t_da_commodity_ibfk_1` FOREIGN KEY (`USER_ID`) REFERENCES `t_da_user` (`USER_ID`)
) ENGINE=InnoDB AUTO_INCREMENT=2 DEFAULT CHARSET=utf8 COMMENT='商品信息表';

-- ----------------------------
--  Table structure for `t_da_commodityimage`
-- ----------------------------
DROP TABLE IF EXISTS `t_da_commodityimage`;
CREATE TABLE `t_da_commodityimage` (
  `COMMODITYIMAGE_ID` int(10) unsigned NOT NULL AUTO_INCREMENT COMMENT '商品图像系统主键',
  `COMMODITYIMAGE_CONTENT` blob NOT NULL COMMENT '商品图像内容',
  `CREATED_BY` varchar(30) DEFAULT NULL COMMENT '创建者',
  `CREATED_DATE` datetime DEFAULT NULL COMMENT '创建时间',
  `LASTUPDATED_BY` varchar(30) DEFAULT NULL COMMENT '最后更新者',
  `LASTUPDATED_DATE` datetime DEFAULT NULL COMMENT '最后更新时间',
  `ACTIVE_FLAG` char(1) DEFAULT NULL COMMENT '激活标志位',
  `COMMODITY_ID` int(10) unsigned NOT NULL COMMENT '商品系统主键',
  PRIMARY KEY (`COMMODITYIMAGE_ID`),
  KEY `COMMODITY_ID` (`COMMODITY_ID`),
  CONSTRAINT `t_da_commodityimage_ibfk_1` FOREIGN KEY (`COMMODITY_ID`) REFERENCES `t_da_commodity` (`COMMODITY_ID`)
) ENGINE=InnoDB AUTO_INCREMENT=2 DEFAULT CHARSET=utf8 COMMENT='商品图像表';

-- ----------------------------
--  Table structure for `t_da_contact`
-- ----------------------------
DROP TABLE IF EXISTS `t_da_contact`;
CREATE TABLE `t_da_contact` (
  `CONTACT_ID` int(10) unsigned NOT NULL AUTO_INCREMENT COMMENT '联系方法系统主键',
  `CONTACT_CONTENT` varchar(30) NOT NULL COMMENT '联系方式内容',
  `CONTACT_TYPE` char(1) NOT NULL DEFAULT 'Q' COMMENT '联系方式: Q:qq, N:MSN',
  `CREATED_BY` varchar(30) NOT NULL COMMENT '创建者',
  `CREATED_DATE` datetime NOT NULL COMMENT '创建时间',
  `LASTUPDATED_BY` varchar(30) NOT NULL COMMENT '最后更新者',
  `LASTUPDATED_DATE` datetime NOT NULL COMMENT '最后更新时间',
  `ACTIVE_FLAG` char(1) NOT NULL COMMENT '激活标志位',
  `SUPPLIER_ID` int(10) unsigned NOT NULL COMMENT '供应商系统主键',
  PRIMARY KEY (`CONTACT_ID`),
  KEY `SUPPLIER_ID` (`SUPPLIER_ID`),
  CONSTRAINT `t_da_contact_ibfk_1` FOREIGN KEY (`SUPPLIER_ID`) REFERENCES `t_da_supplier` (`SUPPLIER_ID`)
) ENGINE=InnoDB DEFAULT CHARSET=utf8 COMMENT='联系方法表';

-- ----------------------------
--  Table structure for `t_da_country`
-- ----------------------------
DROP TABLE IF EXISTS `t_da_country`;
CREATE TABLE `t_da_country` (
  `COUNTRY_ID` int(10) unsigned NOT NULL AUTO_INCREMENT COMMENT '国家信息的系统主键',
  `COUNTRY_NAME` varchar(30) NOT NULL COMMENT '国家中文名',
  `COUNTRY_ABBREVIATION` varchar(5) NOT NULL COMMENT '国家名字母缩写',
  `CREATED_BY` varchar(30) NOT NULL COMMENT '创建者',
  `CREATED_DATE` datetime NOT NULL COMMENT '创建时间',
  `LASTUPDATED_BY` varchar(30) NOT NULL COMMENT '最后更新者',
  `LASTUPDATED_DATE` datetime NOT NULL COMMENT '最后更新时间',
  `ACTIVE_FLAG` char(1) NOT NULL DEFAULT 'N' COMMENT '激活标志位',
  PRIMARY KEY (`COUNTRY_ID`)
) ENGINE=InnoDB AUTO_INCREMENT=13 DEFAULT CHARSET=utf8 COMMENT='国家信息表';

-- ----------------------------
--  Table structure for `t_da_history`
-- ----------------------------
DROP TABLE IF EXISTS `t_da_history`;
CREATE TABLE `t_da_history` (
  `HISTORY_ID` int(10) unsigned NOT NULL AUTO_INCREMENT COMMENT '访问历史系统主键',
  `HISTORY_TYPE` char(1) NOT NULL COMMENT '访问内容类型(B:品牌,C:大类,P:产品,E:品牌产品,S:供应商)',
  `HISTORY_TYPEID` int(10) unsigned NOT NULL COMMENT '所对应的ID,如产品ID,供应商ID',
  `HISTORY_ACCESSDATE` datetime NOT NULL COMMENT '访问时间',
  `HISTORY_FROMIP` varchar(128) NOT NULL DEFAULT '255.255.255.255',
  PRIMARY KEY (`HISTORY_ID`)
) ENGINE=InnoDB DEFAULT CHARSET=utf8 COMMENT='访问历史表';

-- ----------------------------
--  Table structure for `t_da_product`
-- ----------------------------
DROP TABLE IF EXISTS `t_da_product`;
CREATE TABLE `t_da_product` (
  `PRODUCT_ID` int(10) unsigned NOT NULL AUTO_INCREMENT COMMENT '产品系统主键',
  `PRODUCT_NAME` varchar(20) NOT NULL COMMENT '产品中文名',
  `CREATED_BY` varchar(30) NOT NULL COMMENT '创建者',
  `CREATED_DATE` datetime NOT NULL COMMENT '创建时间',
  `LASTUPDATED_BY` varchar(30) NOT NULL COMMENT '最后更新者',
  `LASTUPDATED_DATE` datetime NOT NULL COMMENT '最后更新时间',
  `ACTIVE_FLAG` char(1) NOT NULL DEFAULT 'N' COMMENT '激活标志位',
  `CATEGORY_ID` int(10) unsigned NOT NULL COMMENT '产品类别名系统主键',
  `DISPLAY_TYPE` char(1) NOT NULL DEFAULT '1' COMMENT '显示的类别，1:导购, 2:二手, 3:导购+二手, 4:促销, 5:导购+促销, 6:二手+:促销, 7:导购+二手+促销',
  PRIMARY KEY (`PRODUCT_ID`),
  KEY `CATEGORY_ID` (`CATEGORY_ID`),
  CONSTRAINT `t_da_product_ibfk_1` FOREIGN KEY (`CATEGORY_ID`) REFERENCES `t_da_category` (`CATEGORY_ID`)
) ENGINE=InnoDB AUTO_INCREMENT=13 DEFAULT CHARSET=utf8 COMMENT='产品信息表';

-- ----------------------------
--  Table structure for `t_da_productbrand`
-- ----------------------------
DROP TABLE IF EXISTS `t_da_productbrand`;
CREATE TABLE `t_da_productbrand` (
  `PRODUCTBRAND_ID` int(10) unsigned NOT NULL AUTO_INCREMENT COMMENT '品牌产品系统主键',
  `BRAND_ID` int(10) unsigned NOT NULL COMMENT '品牌系统主键',
  `PRODUCT_ID` int(10) unsigned NOT NULL COMMENT '产品系统主键',
  `CREATED_BY` varchar(30) DEFAULT NULL COMMENT '创建者',
  `CREATED_DATE` datetime DEFAULT NULL COMMENT '创建时间',
  `LASTUPDATED_BY` varchar(30) DEFAULT NULL COMMENT '最后更新者',
  `LASTUPDATED_DATE` datetime DEFAULT NULL COMMENT '最后更新时间',
  `ACTIVE_FLAG` char(1) DEFAULT 'N' COMMENT '激活标志位',
  PRIMARY KEY (`PRODUCTBRAND_ID`),
  KEY `BRAND_ID` (`BRAND_ID`),
  KEY `PRODUCT_ID` (`PRODUCT_ID`),
  CONSTRAINT `t_da_productbrand_ibfk_1` FOREIGN KEY (`BRAND_ID`) REFERENCES `t_da_brand` (`BRAND_ID`),
  CONSTRAINT `t_da_productbrand_ibfk_2` FOREIGN KEY (`PRODUCT_ID`) REFERENCES `t_da_product` (`PRODUCT_ID`)
) ENGINE=InnoDB AUTO_INCREMENT=35 DEFAULT CHARSET=utf8 COMMENT='品牌产品关系表';

-- ----------------------------
--  Table structure for `t_da_province`
-- ----------------------------
DROP TABLE IF EXISTS `t_da_province`;
CREATE TABLE `t_da_province` (
  `PROVINCE_ID` int(10) unsigned NOT NULL AUTO_INCREMENT COMMENT '省份的系统主键',
  `PROVINCE_NAME` varchar(20) NOT NULL COMMENT '省份的中文名称；如辽宁省等',
  `PROVINCE_ABBREVIATION` varchar(3) NOT NULL COMMENT '省份的字母缩写,如辽宁省为LN,均为大写',
  `CREATED_BY` varchar(30) NOT NULL COMMENT '创建者',
  `CREATED_DATE` datetime NOT NULL COMMENT '创建时间',
  `LASTUPDATED_BY` varchar(30) NOT NULL COMMENT '最后更新者',
  `LASTUPDATED_DATE` datetime NOT NULL COMMENT '最后更新时间',
  `ACTIVE_FLAG` char(1) NOT NULL DEFAULT 'N' COMMENT '激活标志位',
  PRIMARY KEY (`PROVINCE_ID`),
  KEY `IDX_DA_PROVINCE_ID` (`PROVINCE_ID`)
) ENGINE=InnoDB AUTO_INCREMENT=31 DEFAULT CHARSET=utf8 COMMENT='省份信息表，记录中国每个省的基本信息。';

-- ----------------------------
--  Table structure for `t_da_role`
-- ----------------------------
DROP TABLE IF EXISTS `t_da_role`;
CREATE TABLE `t_da_role` (
  `ROLE_ID` int(10) unsigned NOT NULL AUTO_INCREMENT COMMENT '角色系统主键',
  `ROLE_NAME` varchar(30) NOT NULL COMMENT '角色名称',
  `ROLE_DESCRIPTION` varchar(300) NOT NULL COMMENT '角色描述',
  `CREATED_BY` varchar(30) NOT NULL COMMENT '创建者',
  `CREATED_DATE` datetime NOT NULL COMMENT '创建时间',
  `LASTUPDATED_BY` varchar(30) NOT NULL COMMENT '最后更新者',
  `LASTUPDATED_DATE` datetime NOT NULL COMMENT '最后更新时间',
  `ACTIVE_FLAG` char(1) NOT NULL DEFAULT 'N' COMMENT '激活标志位',
  PRIMARY KEY (`ROLE_ID`)
) ENGINE=InnoDB AUTO_INCREMENT=6 DEFAULT CHARSET=utf8 COMMENT='角色信息表';

-- ----------------------------
--  Table structure for `t_da_sequence`
-- ----------------------------
DROP TABLE IF EXISTS `t_da_sequence`;
CREATE TABLE `t_da_sequence` (
  `NAME` varchar(30) NOT NULL COMMENT '系统主键名',
  `NEXTID` int(10) unsigned NOT NULL COMMENT '系统主键值',
  PRIMARY KEY (`NAME`)
) ENGINE=InnoDB DEFAULT CHARSET=utf8 COMMENT='主要用于系统主键ID生成.';

-- ----------------------------
--  Table structure for `t_da_sortable`
-- ----------------------------
DROP TABLE IF EXISTS `t_da_sortable`;
CREATE TABLE `t_da_sortable` (
  `SORTABLE_ID` int(11) NOT NULL COMMENT '排序表系统的主键',
  `SORTABLE_KEY` int(11) NOT NULL COMMENT '需要排序的表的系统工主键，主要来源于category,brand,product',
  `SORTABLE_ORDER` int(11) NOT NULL DEFAULT '0' COMMENT '所对应的排序位',
  `SORTABLE_TYPE` char(1) NOT NULL COMMENT '所对应的排序类型, C为category, B为Brand, P为Product',
  `PARENT_ID` int(11) DEFAULT NULL COMMENT '排序表系统的主键',
  PRIMARY KEY (`SORTABLE_ID`),
  KEY `PARENT_ID` (`PARENT_ID`),
  CONSTRAINT `t_da_sortable_ibfk_1` FOREIGN KEY (`PARENT_ID`) REFERENCES `t_da_sortable` (`SORTABLE_ID`)
) ENGINE=InnoDB DEFAULT CHARSET=utf8 COMMENT='排序表';

-- ----------------------------
--  Table structure for `t_da_supplier`
-- ----------------------------
DROP TABLE IF EXISTS `t_da_supplier`;
CREATE TABLE `t_da_supplier` (
  `SUPPLIER_ID` int(10) unsigned NOT NULL AUTO_INCREMENT COMMENT '供应商系统主键',
  `SUPPLIER_NAME` varchar(20) NOT NULL COMMENT '供应商名称',
  `SUPPLIER_CONTACTNAME` varchar(30) NOT NULL COMMENT '联系人',
  `SUPPLIER_ZIP` varchar(6) NOT NULL COMMENT '邮政编码',
  `SUPPLIER_IMAGE` blob NOT NULL COMMENT '图片',
  `SUPPLIER_DESCRIPTION` varchar(3000) NOT NULL COMMENT '简介',
  `SUPPLIER_FAX` varchar(30) NOT NULL COMMENT '传真',
  `SUPPLIER_MOBILE` varchar(30) NOT NULL COMMENT '手机',
  `SUPPLIER_TELEPHONE` varchar(30) NOT NULL COMMENT '联系电话',
  `SUPPLIER_ADDRESS` varchar(30) NOT NULL COMMENT '联系地址',
  `SUPPLIER_CERTIFY` blob COMMENT '实名认证',
  `SUPPLIER_QUALIFY` blob COMMENT '资质认证',
  `SUPPLIER_ACCESS` int(10) unsigned NOT NULL DEFAULT '0',
  `SUPPLIER_SCORE` int(10) unsigned NOT NULL DEFAULT '0',
  `CITY_ID` int(10) unsigned NOT NULL COMMENT '城市系统主键',
  `USER_ID` int(10) unsigned NOT NULL COMMENT '用户系统主键',
  `CREATED_BY` varchar(30) NOT NULL COMMENT '创建者',
  `CREATED_DATE` datetime NOT NULL COMMENT '创建时间',
  `LASTUPDATED_BY` varchar(30) NOT NULL COMMENT '最后更新者',
  `LASTUPDATED_DATE` datetime NOT NULL COMMENT '最后更新时间',
  `ACTIVE_FLAG` char(1) NOT NULL COMMENT '激活标志位',
  `SUPPLIER_WEBSITE` varchar(300) DEFAULT NULL COMMENT '供应商官方网站',
  PRIMARY KEY (`SUPPLIER_ID`),
  KEY `CITY_ID` (`CITY_ID`),
  KEY `USER_ID` (`USER_ID`),
  CONSTRAINT `t_da_supplier_ibfk_1` FOREIGN KEY (`CITY_ID`) REFERENCES `t_da_city` (`CITY_ID`),
  CONSTRAINT `t_da_supplier_ibfk_2` FOREIGN KEY (`USER_ID`) REFERENCES `t_da_user` (`USER_ID`)
) ENGINE=InnoDB DEFAULT CHARSET=utf8 COMMENT='代理商信息，没有完成.';

-- ----------------------------
--  Table structure for `t_da_supplierproduct`
-- ----------------------------
DROP TABLE IF EXISTS `t_da_supplierproduct`;
CREATE TABLE `t_da_supplierproduct` (
  `SUPPLIER_ID` int(10) unsigned NOT NULL COMMENT '供应商系统主键',
  `PRODUCTBRAND_ID` int(10) unsigned NOT NULL COMMENT '品牌产品系统主键',
  `CREATE_DATE` date DEFAULT NULL COMMENT '供应商产品代理开始时间',
  `START_DATE` date DEFAULT NULL COMMENT '供应商产品代理开始时间',
  `END_DATE` date DEFAULT NULL COMMENT '供应商产品代理结束时间',
  PRIMARY KEY (`SUPPLIER_ID`,`PRODUCTBRAND_ID`),
  KEY `PRODUCTBRAND_ID` (`PRODUCTBRAND_ID`),
  CONSTRAINT `t_da_supplierproduct_ibfk_1` FOREIGN KEY (`PRODUCTBRAND_ID`) REFERENCES `t_da_productbrand` (`PRODUCTBRAND_ID`),
  CONSTRAINT `t_da_supplierproduct_ibfk_2` FOREIGN KEY (`SUPPLIER_ID`) REFERENCES `t_da_supplier` (`SUPPLIER_ID`)
) ENGINE=InnoDB DEFAULT CHARSET=utf8 COMMENT='供应商与品牌产品关系表';

-- ----------------------------
--  Table structure for `t_da_user`
-- ----------------------------
DROP TABLE IF EXISTS `t_da_user`;
CREATE TABLE `t_da_user` (
  `USER_ID` int(10) unsigned NOT NULL AUTO_INCREMENT COMMENT '用户系统主键',
  `USER_NAME` varchar(30) NOT NULL COMMENT '用户名',
  `USER_EMAIL` varchar(100) NOT NULL COMMENT '电子邮件',
  `USER_PASSWORD` varchar(30) NOT NULL COMMENT '用户密码',
  `LASTLOGINTIME` datetime NOT NULL COMMENT '上次登录时间',
  `REGISTERTIME` datetime NOT NULL COMMENT '注册时间',
  `LOGONSUM` int(10) unsigned NOT NULL COMMENT '登录次数',
  `CREATED_BY` varchar(30) NOT NULL COMMENT '创建者',
  `CREATED_DATE` datetime NOT NULL COMMENT '创建时间',
  `LASTUPDATED_BY` varchar(30) NOT NULL COMMENT '最后更新者',
  `LASTUPDATED_DATE` datetime NOT NULL COMMENT '最后更新时间',
  `ACTIVE_FLAG` char(1) NOT NULL DEFAULT 'N' COMMENT '激活标志位',
  PRIMARY KEY (`USER_ID`)
) ENGINE=InnoDB AUTO_INCREMENT=3 DEFAULT CHARSET=utf8 COMMENT='用户信息表';

-- ----------------------------
--  Table structure for `t_da_userrole`
-- ----------------------------
DROP TABLE IF EXISTS `t_da_userrole`;
CREATE TABLE `t_da_userrole` (
  `USER_ID` int(10) unsigned NOT NULL COMMENT '用户系统主键',
  `ROLE_ID` int(10) unsigned NOT NULL COMMENT '角色系统主键',
  KEY `ROLE_ID` (`ROLE_ID`),
  KEY `USER_ID` (`USER_ID`),
  CONSTRAINT `t_da_userrole_ibfk_1` FOREIGN KEY (`ROLE_ID`) REFERENCES `t_da_role` (`ROLE_ID`),
  CONSTRAINT `t_da_userrole_ibfk_2` FOREIGN KEY (`USER_ID`) REFERENCES `t_da_user` (`USER_ID`)
) ENGINE=InnoDB DEFAULT CHARSET=utf8 COMMENT='用户和角色关系表';

-- ----------------------------
--  Records 
-- ----------------------------
INSERT INTO `t_da_brand` VALUES ('1','戴尔','DELL','sj','2010-09-15 19:26:33','sj','2010-09-15 19:26:33','Y','3'), ('2','惠普','HP','sj','2010-09-15 19:34:31','sj','2010-09-15 19:34:31','Y','3'), ('3','三星','Samsun','sj','2010-09-15 19:35:22','sj','2010-09-15 19:35:22','Y','5'), ('4','宏碁','Acer','sj','2010-09-15 19:37:02','sj','2010-09-15 19:37:02','Y','4'), ('5','华硕','ASUS','sj','2010-09-15 19:37:44','sj','2010-09-15 19:37:44','Y','4'), ('6','联想','Lenovo','sj','2010-09-15 19:38:33','sj','2010-09-15 19:38:33','Y','1'), ('7','同方','同方','sj','2010-09-15 19:50:30','sj','2010-09-15 19:50:30','Y','1'), ('8','索尼','SONY','sj','2010-09-15 19:53:41','sj','2010-09-15 19:53:41','Y','2');
INSERT INTO `t_da_category` VALUES ('1','笔记本及配件','admin','2011-04-30 23:21:18','admin','2011-04-30 23:21:18','Y'), ('2','整机','admin','2011-04-30 23:21:44','admin','2011-04-30 23:21:44','Y'), ('3','手机通讯','admin','2011-04-30 23:22:00','admin','2011-04-30 23:22:00','Y'), ('4','照相摄像','admin','2011-04-30 23:22:16','admin','2011-04-30 23:22:16','Y'), ('5','装机配件','admin','2011-04-30 23:26:48','admin','2011-04-30 23:26:48','Y'), ('6','数码','admin','2011-04-30 23:26:58','admin','2011-04-30 23:26:58','Y');
INSERT INTO `t_da_city` VALUES ('1','大连市','DL','sj','2010-09-15 19:15:39','sj','2010-09-15 19:15:39','Y','8'), ('2','辽阳市','SY','sj','2010-09-15 19:16:00','sj','2010-09-15 19:16:00','Y','8');
INSERT INTO `t_da_commodity` VALUES ('1','对讲机','SA','2011-07-18 00:00:00','2011-07-25 00:00:00','S','111.00','2','abcd','2011-07-18 19:58:36','abcd','2011-07-18 19:58:36','Y','10','11111.00');
INSERT INTO `t_da_commodityimage` VALUES ('1','GIF89a@\0\0\0\0\0\0޳ü˛ĢϲˁͼĤĴiԥɍĜ绷Ƿќ߶Ļ䜤ܾЮĔԜ䜜ܼܲüĪ̳Śļ̼өԼī̳ʵĭѼĴ̼Ĵ̼܎|ļļŦֶͬĬ̴Ĵϙ{˯Ĥ̬ʼĴ̼ļ䦈zշͣ|cZ繩hJ@թĬ̴qevqü=%Ĥy̬Ĝ̤ջte܏ĿԬުͤ滺Ĥ̬Ĭ̴Ԥ̼Ĵ䜔ĳܨĜ!\0\0\0,\0\0\0\0@\0\0\0Hpޤ[8 AgHI\rڮHj]HXW/?}cԢHlyTKEFDI*q[DH%*Hc)Svmt\nR5z($H\"M$ڰ\ZI$H=d#Ix\nUI\\t#ɍ_Ym˦c6[yKyH?R#Q]#9^x\ZΛW9Zyj\\NF۷Saf\r߿Y{r9*ܮW=fÆ$JgСRFIR$#Ƌ&(LȞ@ꣳrL)i%.rlFJewQw^N8)E\nTVAUU>e3Y4beSV$fMҕotMB$\"W$M`|`VB]Y+a&pYFcd\\#Նn\"pXum-לuE\'Aԑ)17ze\"IM/wtRM\n*5dLhs)ݕ\r|ޣ!SxhԎS2iUHH=8N\\E#LRW*N#hF$$/_{\raicMƣ@n&\\DMdO#RN#a-$e$Mr1sj^his~QgxUOHR/TJ:ms\n.}6)|(R8,)ۘҨNO\ZԥJq$U>52UHt5Ad;2*0Fd$wEW.υ	Fbk9q찞%	\Z5#*Ԯ[liKz+]k۹^xiZ-.^qHK]#5M~dR)!l\"`WDd<^$x$~ՃSޠƻBL5YeW#!eI{}	_2J^ltcQOg$#XXiv-m\Z`V-ٚ-icv[ȡdQg{\'PK}GvT/c3IRўTW<.<\ZRvt)#3aF8*衪/BV8!(\Z\\&09^&4Ab\\y\ZfM3YbŜ %kCRl&loJ̕W-}`Ñ6^!~CEH$Ƥ4\rps@C/6	`LNR0\'߄\"$N2~*Yĺd!.,@yA>R\ZEj+ \nKG8Zԇ,X39\Z9\"jDr6mzl	c$z~kK1ؖ6~q#\"	ydRQS09O\"0S CELI\\h$b2\\$*.u)M̃(ȅ0uCf`##*XB\Zax@DڊvĦ%Gc	eaXӃA{C6A[TETβ8lPg܎\n{q<&{1R$\ZJB8\\\'>ԇ	D*F7\rԣ-Y:H!@1rcxBla#\Z,0b`C@+X?mC3L!戗!Rd9{Y{s;#4TWl*P6a+9[SZislc#;H%58X\0rN7Ma#QF%AOBh(2̧M\\Xzv/`*R\n>eiY跢W0QF&|if=uM3_\0D&4Q]U\\|ij \nA5xo#N ŬЊr-Fn8?yX0N(&fl Ob,`᧗,bh)9*dgQkx#ÈaNa1$(tDHa@E\"I8f,d_WVӥԔzMWH#4V\" 	b\nڀ57b\ny+&mTb{.7nn\'~mS)6( q(?5qܡnB_MEOɑumH/q0¸?vpQL)B\"\nPB]~U]nQD{_ͯ\r\ZM9Wcaq MTQmooYʀ`p\\7ݐϓ d@H|Hq80*hr($CNz? T&gpJFm^`C&pBbL1<Ixp!\Z׈<^q\"s(1:fԐh\"D/,@l*\n=h]v׿Kd7;+/Y;XyŞˇNo:!1y(H|\'\'ڰ1WBq:QVqa  \rƀ	0b\n.! 	V {7&\\BLts;=W|q|q=ɷ=Pe@\nj	yi&	@	{@X%~VF~٢m1^|eNvi._\nq#7!Dj\"?\' R)ux%RZs\nx00\r9p)yoJ4i22Xq%QЊ	 \nj g@sg?D+tlk1JE6dRCj	p{`y	`\0\n0zmwmU߶blR@VvjMd`>^rwAW8WmTMQ)\Z9t\r<1YuWX\r\n\0\rh\n| \'AC t:yqhWq\r 0P@2?@8g1g+:(\\u9VDLk=G|tjl\'Swэ00}\0\n	\0YUQU^dْ\n.mfQrW7{F@	2GA8!qp0Ht\nx\'0PgWA4Y3:ygieDqJPKٔO{\nUyA4Ym($iPxpl\n 	~P	{	ztZ%z/EgǏ+4>>w&?Ic\nF \ry/o(P@F9p!1BaI-yQu\rp%pl0J!N9i c2.G|ITJŝHxV%P0Pڰpٗx0yp	{	Ezz㟿1n2o	.!3?uo%	Y91:F\Z1)Bw`\n(0ЀB6:R1Y)&]p\"\nٜ34b3<{!.WZ~!l9\nrܰA\n	~@	`Z	yL&VmZb,\0dgbin#osyF\nxET`[1Ph\np`dp 9w_7r~S\n!%2۠Z &Ơ	\nR\nұfg@ƺLi{*\\c͊bW\n	ݸ[Lf\n0$\r P\00@@m\n\ny{0eueclJve\'\"[q*\nn`\n6XU\n\n5`\rƩQRPؑ51ۊ\0 \0p\nJyP)z{|X[mmq+=l\0]\n\0@R\rзĐPdjз\rw{ٟZ˸*T*JpQ7fw4a*:a\'\0\0( [1|\n\' W/iYR\n~b6q :i\0*KW(T{(Cfp%+qRp\np\n`	w\n@Ka@xP\n\0\n\0>h|!Z*\"IuH7릨?n,Ţ0e	0zei/0\n|P|R\rx_K& ~2+)t;\Z\nⱍ?CnK\nik<mc% -c@0Ǟ0 mw }l\0\r`cx\0`kbe1;<n|AV&b$.,wzU<0e2oY:ag\n~@9h\n\'-|A`zUݴ		̀){OiVgwȰ\n*: AP`kSxQD\nЋ!B|v|#:|Pp\now`	gcp00Ġ\\\ncjw`Ƿ1¯_aƏg7-Vp\'NiK:ww)w|09MvoT)ڀԙ\nè\nDhOM\nīQ@xM0\nH	(\\1@olRȄ]|}t}υDЬ5VƤTl 	\0.j `А	npy@@u;0)P	\Za_A-Zn8=jmN+u8kYuoKwP@R@6!12U miM]߫UP+Si5ՖDa\0d\\N	1\\t#^TX<\Z	_[E	\nnn0q bpXd\ZɔpUս$i,Dq&sl!VVvK~Tns7/8(V\ri}Nq<p\r&yR R W3P=ެ\\>H8KZQڡ\n  	HjLkj,# ~K|l\\iLz@P}@pxpcr	0W6c,٦shdF>o5V.0Pe?@.Fh\0 \nʐ\n|H	ڌ$ݼ \nP\0kʠ(l_E1\0```\ZdH(1Wn-	0(m $м\0c{Q\0P\n\'>፨\0{	\"M \nx+	\\m		Pvn*両^bcƽulXY+1n`f2!eASLt*T|RBԟSL)Uϟ@ZF!(	Re\'.])5hB9sD9j٠_+cʄk[DIn#5Mna\n)R2k4RPHrFi@Ե$ژH$IQBf\r_l\"\rfU/D-fcȾfM5y)Ui,XZkU%\0,aBQ&#GiTe/$vx[qz#=r*5Z	6<+]ݻ$˓T)DHKtN27&A<1 SNTN㏃\\NiB؀6D!\\(LFe6I\'VreF\n\0pbOc	%\\jK,^9{ԪKT\Zi\'a$\r*dITHXҰH\\ˉ\Z\r6ZD\rDAdTNi]Ab@3*P`%҄FBk1%P&CļtSMd9{.O-N+O<aIii\rV3V0ĕ6\\qBZ9ZFYBQ]\0DA]!qeQ\ZDDi\\tYAt5DfQMymEjFz\\n1RQ+,J$z$W/IKcye+K1hCDZ#dZ	LaqQ+RHPPXȈLG\\Bom7FLz#&A.XRES3Sc\rVYupiG@B|Ua%bXH(d@r$@D\\6\'C8)ĕSH/)Ε[]xyZez_Ŕm̝_RqVPiL:DR$ˍ!FKDܨ60X2ːNQfFPQFp9E8\\LQFDjCP=Bh>ؠEXfj`D*z\rg1gld{tc\rcjv+tnbMp2!a	Kp+VPF.B9aE,X)\r]j8P`WOFA/A\"\r1z^;RȅGBwRPDӕ]xc)X\0),+`GXhX500DY_VVB,@u((;&TEva_x%QD)MxL!@HI#R(b[\Z\nMpT:cvcp)hC\nXJ$D%+p1ɘ\'^	wȉXB\r(4ѹsI&G\') 6:]\"_2J/HH|3.f\n)&(Hp(^Wcn\ZX4QYk -%i؄*QHG\rb!qʤ\0q2A9ʰe\"qUE+;^/ 1/A Ӄl`xP5G!0B{FT%X\nWWg*IJNNp≨<+]!)D\'H1u^\0ƉRO)CE;R8EbEW݆RԆICG6e!^Xa:Q-$X!Av1ZLoN<\"!mh#~E`SL`d`q(_3\r0n4BjɌ-IxD#5T2u9jUTv\"z#7k=[)aqb9aQB\nBځ!`!IL:!ϙE:RRZM;XQ+mK2\0\n}!blC$d!HTE-1v@b`TO@E\r<$!~ J&\r#VZ\0&΀aRk;F&ZB#}%eqj\0_T+^%K\r\'3_g,\nuńp(4g\0H<0q;0HC6S芽S4S\",ahZFWm[Bi \nDdhUD-\nyF-T$j/pL.z<d\rZé]NSHqVYAyVj9ёvnNb`AM`1^W`sv٣&r1,\0	Hʹ\0b q\\\'ʽL%@HFd7W(ڋ~\rn 1x.459*4ѩ--0\"R.TC|F)hN|?&Ҡz7%$X4b\nq1: L`U;saas6^KɄ?@_\0C8[,ecQmxH6\'0\0wpK?Bߪ29	\0X&a&T\n93,3~{*2:Þb9AV(WX%bb6o1DL ABC!VP5pcC`ǐȘ/ڄ_H ^%AT5K?QCcRkEEXs))\">?-҅AC<~j;chHpSeh(` s(QH2M8c js-\0i\"#mAh.B7I0@$|!|rH IB hX86ehLQE6RaCSҨ4ˌ>DA܅A,?HXVKVPD<&eEwE+JA55he9N(AA\n+2@,;0B #Hk:y1)R+jxH(F3#1V0\\|p2ۅES>=-]8øhN@`؞8VH LIP[z@fhP8/LC:/U>\rbFPGY>\0:Mi HLʎ䎴ȐT>ٜl#1 (\n@xA_LHHN H]\'32@\\c:DS(G\nSHm0DUFIxC\\$[.7kLpKdV f4HF\07q`@_P[hGXmUpǄL~LKR\r@HMZlHzȥj]hKD Uq+D+09PLvxA`%Je3,P!b)	R	AE2V)-	`;X	{х#YvxFUG<L^(RCpiDUŋȞ4X8Z H4AXUX45XUIXa8Yv@tWX\\[36Cbh4U*h\rh\05I\rJA 5!U::HS͑zXR-IӁ\\Rۖ	1ozu@0318E6\"C	\nlwz&`E@zêm7hȅ\ZiԱ8K(`\'0kBWH.YMXU7c?!HX5XĘX/>p@`:VY`m[FKC*LSܰ߰$ֈ$?\n:\ZIWXiCSEO	#2M,؛0r,Ȭ-+@1%eU-ą>`ءky]P|<68cXF6(4ҔC\\\nP7clE`(pzdU`+_ALhemoHeH[ǧ%V6L/6>9Y\n<)\nê]*Kֱ5$toF0qH5ڬB8N(;|b+6`	C29k4\\펤J\\(	 #=a5܌yhTIpDXW م3Ћ6HH(UP^]9G	9GT\0E@I`vXvhb̅fE>CPX]8^b A/i0QҰ5RXIW!:WKS]9f)8#Nze)Eؽ+(]A~-sS2\\@\n%Ph(Sk<O(C rJjTF((\ZNIAyLI 06=]VXO1_hJ\0I bBTpohX@(b|42f]9OLy(G RyHZ0Im؆(EG#r#NW\\A(bmN6%96-U)N謓8rӗhLȰsa8!1E`\\@#t78&\'aHPf6 [m9]Q}5MHHGMȂ58H(]idp\rZE32vڟXx^.< >L\Z@d +>h#-W>?&tQ\n1	fSB5Aiلr2!n11 05vx==`.v0|~%-\nX@4.F5WW@j$^XLVf(DDVd8b8AR5XF_HkDXI@Z0Ax6XPo0^VaeZx4^0(U`P&!Mpl/+$V@Z*98=A>e3Am`6-`½MN,2eFҊ:I\0BB薆i؃N!pI]!)ޅhsh@p3YD],s68Hp.WhXVPU(0aP8laōg\rZぞp=h`0>: \"tyEvr~p\0p0 Ni~S#Cءi!2|Z$X=jC(T$T%xj$\0WH`\0KVJ@p.bPh`DP]\nD`,p+@6oVtX+(Fa\0XXS^L(|~h.8J,XHtn\rutshT!q[i5X#r>vp|\0EqW_dNNiUI]$yAT	nЩolnЍ@?+\0,2kavIXI_S(xSū6H[&S\'0\05i_a\r]LPQ0ꝅ?ށ(l5Dھ0x\Zuac^WyhO4T>yqE~ !-	׮9^zNNz-Wbꉨi7Q*3(n`x%> (c@68{H o#4rʓ+1Oo63ȳI\0_\"\"4OM]}1)+VTٰe!3֫V[z	,_IHUUfd#G5\'П&aB$2UjQ+u\"YjyZr+تLHv9j@J?姶]ZSְZw+W&v1!NzIW&c̮ህ\nkEвU	LY @*Z(FjJUpyT$q#Ɋ4j&=DIDfzRz\n*_\\MJR#D\nSMZU=\nT*68203-#҂S, |-M6AB;UPSPAeR3\r=TeUW18cV#;H0bO?HL<x\n+Fbk@+McC4dUeWg2/lRiK)vW$WHBKUn(!G~qƑP`!XoLb$*eBr_~!FDH/	\"J+c\n4\Z<1.{P\n$(ð&dbL-$%1`J䈅.XMEMSc_R&TQHAbMb$.V4U<c8ӏ=|p^DEGE҈ \0$`RPfv!y9gy(f)B!mpJ5Lb*r! $n.Y;H)Ֆj**_ޕzƓa)̱F  \nE<<k+\"J(l,&PƄ`1,̶b\n#.c!M-KWU#p3=r\"m\"8RAOה)2Y\ZƐqPc<f8!)&j.炋VZ\ZA4 IP!`$Q*oSnU首uFյRumbq$P3xmTP\r0	eBE,4	a1	MlI`\"ehhr]*BDuif:a%t^\n*ȱE#uC$؀\n\\cP Nopf3y3ŋHLeC)S`D|fc Mf]6HI԰&3`0T	b&)a-kMp\r\\\'R\r\0\ZU|DehQB($&X#Y	k]afXCt\\kQ2.:^TuqH\"<D>DW)y^e\\!%1ZdTu3k0A)9yycWWBJANP^qE,:\nthE.\nE`2Z?7XO])O\r!`D\nDB\rF+I6a!1XbE13k|Ö|+\\\\rlKs)DGt\\#RrM\ZR_b+n0J漒ް\\7lf\nzYYCxI4W$F2}\r\'Llp4Yo]k__D|4PъGMم)Z] +\nY`cVjDP*A+hu&4ʕsUs=\'׮1+U<Q$ }JՊ,cqbGPlaZOTyd6#bB|4Q.t1?\njh\'9V6J\')٦N2$c̔pIbh%r@O1GQ2*FCCYb5cE2ԻZ@&hJgLǰHh)dQE8+1ʂ#Ρ`$\0\Z\ZUpic<譡n,4GϦ4@Mjg\n6۔]V!wC\0Ce% \0o3\nJB:.\"7\"tsx4X]2iS\0<1W@HF30签W*TrLh6V&bEiKӫ9y;`GX	b4LJV*8&B5TLS)x\0y22LqQ>PWŲyӋ^ؖJKFANyK:UDؠGm*`8)1	V\\$Q̂0zX | 4_Dwys\'l/bt$ǰLQdFfFΠl6q.zY3(c:\nlhEtK+WNMְۭ\'ܖtW*hWh|yb1x!>,C,l*Xé/PDE	Ѥ}Uܕ<dA$8C?Ifb\\w(lB+x͑?V	iIAX\rB1LB+Bqo[HsHL.du$XLB%*u \"A\"]\" AO Bъ14E&h,A)$p-X+/( (V\\a-8̄KCQd-}TKY~V\\>C=ƃ#`Ʀȃ$hʕ|fD (~\\\"g(ā8T\\gX\n5:@+\Z$ۥB4qT`]LY!_#8#@B+|i\0*B \n&@CC-B2L(,-B\0fUB14ʗ@T\"MIH\'CP`AL!?~7S)MnY*+Vd:lE|?b,Ǡʝ	^ C$`:H<HFdHfDA)=omP\r_M\0$iH,C7(|&P4L(hFNC1B(b9IBD@K^\n\Z~j.R4K<ŊԤ\\$*Xd\'38ëe	.V<VXB`R6eqXZ4C+@Ccx\"AB LZAcGiK+Х`DRR_N8|íB6h622ɂD\"F/4 K3`$g&HdFu#P%ZjQD-ђ:<MU\\=dA=p`\'X)H\" `U:rXQ)aj;|AG^5zE\rGUZ-Y9pm[]}F~$p	fA:Fh<\0&-(D&p,`11Ԃy()&D(,fPML=hR9pNm^ ƪNr>hsVȔ `a8 E)\0Bl̗<)1B2NjBDICPF|dL#ax\rA)d!%@!n_}WP+ΫzB.3fj&TY43xG3R%,$bՂuB`B*dclj(B,fǬ\na\nf4(B)/<0$4)оsB΁Xg}.Y0Tm\nX#p\",$&B A1¶Gg$ſÎ\\!N<s%`+`c@zC,\"2(HB,f30C΂(Xf((4!HEz4VQxI>xOɲ(ˮ,>T\n\'ؘ	!lB)BTe!t͔.ԛMVeHd9@B\\yRB>aV[VAAt\\Ʃm`%f.BB1X.1n-R1xn.<h(\"Yj\0Z.FVe6^+~.Ȧ(P4۴Kũ뾮<x$,,4bOQ4+!De\\\"Dˍ*F#+dO)Y)9eY[@cO@2x.|5.nςd&$%x1n3\"_d6F W+;E,P@L)L~Ņ0֭n0)c ɭbZ-J)XҶ,qIǬ`UlҹA@C/-)TQ\rn/G/z]^1	aLX\'BB.GNõP\ZC1,,,S.Vi臂v*9VP\"?*1r\\9rVp\n$*+LN\'m<L(gQʸ	]O%6呂AS4(Ad]Jf0ç4e\n&r*63Ø.ă6d`fHh00B:0(Ԃ(2p(\"r(TSlŞaU\\T?;H}`L*:LW#kgsH02F!4t\0%y4\Z?O6ԚBWFߘx\'Ɂ0*4[\rչgR(b\n/4Nkp2dCZfV,(C(Sb(2B14l\r9E6Vcl-*\"¹#i)*B ?;B{\\\\o_]oHlA]L`y$A=T#TX LQYGE0؄c[$tdDf׉\"\ZtS[h[/qjP.<kw7-Xmgmo2e$T25/4C(3r3#Vns;wmg*t@V/LOPiX.\0BBlxwykK9rW4cwae`蓬EyF\"q\\+Er-@4d&/cq\0^ZeD\')^<UO{&570T*N!,Ը,5\\/( (d\"*7gfs;CJfB.l.洵T@y\'XywzdLf	TVVs2\\C1<ٷ1hÍ,C$<.rd\'EĀ)9((`%A\0z\0Ԭ+ԥ&}fE*;TɨiLO\'äTcB-Xz34h\Z2,X9;3[B3(iz%v{7C{Xgb@cA-:1\0Ct_\0Th5(_dF~+fF ƍAHC}WydX)\"AB4ך/ns=|1;Y#;bz(=w9C<ж_&0@,+٧Oz[r^7,/<Y\Zׂ0.x?TDWuA}/a\0\0\\;4D5\\\0\08,VƜ\ri)H9d$R<|$p9=B/(9A9:i+PHzU6BѤIcǪ7euUd1QVVId+rrKX!B	g#uJfrϝfî.4W\\tRѪGEzlXaܳrXku6-ܲgʳkWu$z%aBuM@bk\rl0W֬Ih\ZV\nunՊЪAʅK\\Ij$=+I#+r&{ I3iڜ:eݸ?@eO)Eܼ;9X{XMv7	&m@Df\"eTkZ<c4e*isVL-_LJD\\v⩧dZaΡ\'d!\nJ*UVъ+\"akH<RE\'0\\ıe1jqG1p63Đ0l3!dASI6\\Ƒ$\nuf++MwL>vP5sÊ~\'\"^N G b Dy Q_$mr	駦`)	s\'T)fZx/eUB9iwő}Po:jj}VRi!C @)p,!\0BXY#IW\\B@@gVG\njyy\n>N!GEp1LEQ$!(D\04@N΍\\aE\Zl\rJpVQ%:\ZPPNVTCQ>EiZK⥖z0\\D(cvث>Jz=hEi屔j+o\0V\nq]$+cR\'2@LIMSi\n]+(\Z+&9dIP~+38CcB79dn	U9\Z!aRfY=Q&$k~VLz?gOdMiL^bI^\ZV6^ٵίk\0wFope0.%d]L1\nM)N6D;΢XA/#\nߠJЃ^AwҘɞ@Pw0L l\"h\n\raVŏ,zJO|\0%p~n=%EU\"}#RuO\"bb\Z(cu\ru+`b Iq%h\n\\D0q,,4QX*rAEoы>P	]rN`C]\nʝzW!Bd$#5>	\'ĉA#Zl\"~< #K؋[+T1:Z>8b$5A\\(\"Ȅ@]\n̓*=Βd$$ix	82\n@W#ho|&B	t!\n\nH6L`J1(u\\af7Xz8bp\Z6f/z%NĹZ%87h\"gwO}5)ص	]mo\n__D8AMê.V1I\\c\Z(R	6jP63@A	PB@ީ L-n8B5gy!3gezԡ)(Ikm{K&+.X\rEdђoXR)Z	Wαs?eU{26WVCT`!4\ZrcoR. IPGk\0.G$Pa?\0\"p&B\nޘjkhC,;&Ȟȳ\0q3VRf$p&\røP1ڟ67V	wX`%B[-N\r\"lB=]+O41{m1u XC0LadBS@Z9ib\Z#>qNy)$Rf	K m/;¦<̩y*012R{LLH`9\".xaբS@ꬺYdd\"\\-[<%ݨ2F6#WV+5p\ZzBX{\0\Z\"$*8	fZA\Z>v,`G~\nFNQIq4/qS 5TY\0KQPFd,op@A~׬{)\nbÍ^IG::+dN[+T ʆue[Aoh7ij\00\nȇ3j\n\"<~~C/F:y_+bdӜ̧[azB8><R(b]+&MɑFB(xSna\'U\"JcDi*\n}qN ~\ngT\n`	pE`xG\\M)Fg8Q4k$jP)qs8O,с8ƈcDbtkk%ʁ򘬝8O:BnJ,j\"!Rr/3؅Ifzg(Fe0\"4~X*8DTX!F`c H(*h$ԎHѢ;/hmz0<د>m$$2\'O*\0h$bH\0WaՈt9	\nf`F2jkgDn:mͼX\n*at\0҂a_СР~8l	,vdPFR&>m\n:az&r\r{Pii\nPAu@+Ї\nFƻHA\rZ3$D03fAaUa>F&`V,D\n$MB׮ޤүc(mdJfe\r a,@:\0r1@$j\n$O+nBDg,I,-mA\rF~FrxτNa8W!49(,\Za`:qM\nRkc\"/ð-\nb&\'`~L@1r\np>⫦Hh2($pbiJ*Y\"aP+B+R;}if\"(.DDc/ۀVAR!p/[fР!Ir`F4a!<\0AP\ZMLAt$šz:M\r94b2f똾CeAbAp3, a\n)a\rS8)!2&?2̬֘X^+&;S;E\"Z\0!-a.%\04-)p-5/RAƁS]*Q0c\nfR*s0;!S\r!@3΢\nA~0siBM@SS74>\n+-Ćh9f(bFA!H@\Z; F-@F-hoj)CGyWxH-\n)/JJ4,h#t^`aQgb<\'5&!N!J,<FLOC`C`\n.R\n*/a X]GrR$;3\0\rAC%G5&JN/pR!fpVo67cTW{u)g\'>ĉi5Ρ*Yq<Z&nK\"\"Ĵ\nTZ `:Β<_$/^\nA$,\n>ANa=0r*PaDa<\0l@265Ja|0cA6a!\n$o.; V5ۀ\"%frVf4ghF$h\'/hF\'tlԡAIr**؊fj6jbGbfsb\"$FfL5`rbGȡ2F$oARO~!`6,`~!Bra0sA$g\0se2!@6\\8\r<uS\r@&MvbbAD\0z0gy8V\'V*0A$\0iˁ*ؐ卲,+qIn\"%|=p.\"a!mv\"N!5DXA\013^obǁ2Ձ\"!sb\Z`A7>\n4EXs9w0BA$Fa:ڰ};FvR/l tVJ!.B8r\'Jhnyii&f!,tj6c/w!@-nhw!,aRi֞3+Zy\04\n\r.\r3\n@![\rʔّ-V\0R86!b88!o3֠jæRw;.y\0fVVxfלG*\0\ZZi~-*Ma͸g@VV\"VF_,Ap&a\\[kmW95<̮X̎a=M[.C3XaPtŤ	F ե#A\04Tۑ9\0JLa l8 jX%:©	6\02 A.`\Z9Jai!ٜP*pyn[ٺ$Zֺ8uZ9\0@\r-[~~RVAZ!X^ ,;]]ޕ咢ABW|Q[AwdUrO@]:ss\"!\'4\Z!~;gcnx\r/Nտ\ntx\Z:TS|%2JAi%?Yɜs+J\"<W\'ҟV`\'ZZ!t\nC/\\B`mYaj2;[< )̧?\r*G\0,͕ͥ4yZ\"a55ʩ|\r\\\"}m9bDKm-r~x[r͗,ArN\ZJ΁+ѽ$|pɬI)Zykr/$9&rӗAPAj ԕю]-֔1*_.\Z!\"\0@<6U\ZT`ʣ`\rڣ@gkD4\"3dw\\ѝTayyXE@F-:lנV>PS8W0!H|/VfaE\"!f\\OTAAV/,~aPa~S;!+,\0&[\Z,tl.KD~j:\ra!s#!\nX4&R<TU>gtS[!=\0wΝ\'РA$P.Ĉ\ZB*2dzA3	W.]TBJ]AG/̙4kڬ9i޼uM\'OOWA4i$I4VV%}**UZUU鍐h+N_\r̝;{ڽ΃{|-JշUZ\"=>,VHգ79ęMU;\nNOm+yGP7N%Aix[X×>g,q{{w,_x^B\rO|a6vkX.oLTIK/tSNMSDQ@5S@=U+xPH/1[ArO\052_O|;x(^}J`J+U =HfYfN^	;c\0_l\'Ε\Z!ձFlVmaP؛oQ!gqXrNb,#>8Ӂe8ДD\n9TWM;XD}s4iKJ3`L*:	%eCTL2@baPJ\n.z10ȹ2˨r1SO?yX\\V9oDbeg$PV<I]8fJ.JkFt|flbokNƛn)pKb<]>tϠ١(xzh՝JH`@ƄB_}HIR=N\n뫲fBM	A\n!,3OB8:!*3ʅn3$r+`#s3c:9\ZAՙ]<{+\\6	=Z6)\Zб0nazle_Fiy$c<УB>$y؉C)QοMHZ73pLr1K(3M?\rQtړ<Wȳ<Qeu_/CVTBjzr5bnT4T(cۃ^$d@B+8pepX_q*$-^s>iI<+B(TA6t(\n	:tN<^N ;ڤ1% g:`YxHl [p4\"GW4\"0c\">&$	eWA2~1H,)E.~?1plh7q\nTZ֡\0pw\0\\`*.Ǹ9OFe(BH0iD0(\'\n!CȆX(i8W<fŐ\n%su7򔱌#Α(arc\ZGzA4c葏@Aڤut!nfY{R7RӊRvI<D<gYfp.x4n\0<x$`0=fpq(S&4j؜ᱍv8SH&~B:g31<<8N>CE<ZڇM0sEf͑+r劰cbх+VBXeH)Txy,OhjC]wV$ȗ<8(I_~]UUaSHhvիn67f\'IDfBypH:C;o^뙨4u00Ro*&Tlxb2!hS2ʊ_,)nhQHB)AmvQJs_=!%U/Ge!Rw)339!@\Z/b):6Ip(If7@DpF4=Σ+(t\n{*`[쓟U7<P1.LH@aIOJ䈳;%O ԊTCk /PݧLE6N29\"<a;eoszrX2?ǽl|Asngz^XG?zhT(\Zn#2AV:}c)Ȅ;wQT:CO^&	cB0\Z<IW}V(Di*oü*#)v1\neL\"ED:	C֧H*q\\\nbs+/656V!H\0EF.qz3f=.@z\nP<10T\\k\r%\nc;ܴIb+bMge!A\nGSEx,t!J\nRxDzVq~\Z2.rA*l$oڪ$+d~H$!?	1sW\\y3Y\Z@J㼓PW*T-#/GҙUb+IZaG(PL=ld&OQ[x2gG$1\nelb\'x̲\"XŪ^c1Mvx\n2#36h`\0Ȑq \r7zfzXPtQ r{Pj&W$V5r \Z{\0b$\",ZjAQ02m{pg$.3\0$\0	\0mV\n	a-pY]W@tpr{B1Qmwh5;#2k oWd&#N9s_!֓F_xOڰhv*W\nP>G\Zz.:1+Ydrr26I:ʠ\nr\" bP\":Pr#\ZU.S&@k cdjNT96^;vf1gwx{11	Pg@0Qhdxpxqy~4\0*p\0 >@iA\rT3H2&M=\n0\n<[8BUhbW΅mj~XPAWVHw^0;݄`k7Pg}vF6iy=Bs@`\'q.5iHe?D!!(3dC)J#\r-$,\ne|8B9ql0t-8$p?HFC$K )	mmnb@o^5;춇mYp@mƐ`\0wa**g6Z)?Qa9Fbf5hH1)\")2	\nuj%Y&0#{!pp\nOЛ0\0P\0yå/P̱ev@Z5f;wBAk1[0w)	QN@P\06WF`iz9ygO`w\r\r0p-+*{KH4x]Yc\".`\"3b;\n`r0N5\"p>@)		`0$P\0@!T&QiYnSRg1PPWmEVpA)Ⱎlڦ|iy`!\n@q%HS|\n 9 :q Y{Y(9@;گd2\rjTСZz  (\n@!GAQp9}p	`?\rW@1ORŁ1:	[`twpBkv[i\nX:NpFY\'c:)מvp\n>4fB,\"PY+!\Z_\Z?:\"&ˠ\np%?ILgU&A!;yP`60d7LO	ib\\ixHictR\nAQyF)(\\;^G栉>00X4rnCt1rv3Bza)\nx{\Zd@K{I^ClY*砹b(V@\0m@0>u?˦TOճ8^{GٝwqrƂ΀)!N\ndNf׵njhsؐj`{$Vv5h l fQ{k5]̜RǐZk@A y#aQ+zY}NpT|T@6`[4pPWp\rV 	*RWGŅ?э&ágŖEv\"EfePڪ̣W¼3@Diz8)~V=)\0\nY\nސJ	@[<t[KZJ^?G #cK@\r@&&%#{.?烢N.AeOaPBV\0A?PLA54 PKřg?K;P!SGۻ#x1,#Vx͛);gO@ؠʧՌל6Q<rILQbcrRJ`\nB\n\"1\0.Kw#?Ir8*@ 	WCr/	ЫyPP!	$Yc\'v2&c\'~#B3gFyvI<)˛hGqAz\nRl`iK]HX1s WSչrܨ0!lA,cGMAz,[uABp|&Y@\n s{\"	`?X\0 $P\0,6`:#˯WAa\'^MV\'+m@zWV8YO:>ŷ\nK),܌r %rrjb4\0\n,2q#@\Z6ޡ10aY_f92WG%+Ɖ\000\\$Onl/Venm_2_VDE^\rPflF3P>1=p؀E9Rb\";Ա=Э<Ԥ-(J#\Z6[V[׷_v{Yҝ)`on5 i\nW|ȑ dYΪMPlN˖^NX`\rh#F(t_W؀\rA>w$P,۹. 4<Ք!+K\"˞?H!F+\0NJF\"X:ps.>\'ٰY	JLY|m\0\0A@T\n\0sY	@PqV$X\'\nm1Օn~hg0Pg!o6=7-oUy@i`04ŰEsq5Oͺ\r?\ZzzN̾8rF1YԂ\\0ݑ\nkU}LCf%~\ZcYm\0r]q/WH\0ť1	W\0 ?&\01J+ήC0I\\ъB%BqFRF(|ƌn^A%H`sʑ{=EZr\rÖKj&dŬ!CXiN3-j7]Z(t蹥e^\0$=xP$x\'\n$v<o^Ċ\re$VԤQ5i\0XIH4#qjVv޸TZZJ{ᛷ.vDQ<yVޓ&	,X/w\\yWoqb(/b;2̸эE+ |dIy)stz\0(gx̉G\'\'x9\njS*bDƘd&dnacz	k,oBKHit4ʣH+ylHvcG[H$VI3&i.{D\'-5dmrV#w\n,!VѸ+S=|kg\'g1\0!gÊ35:h\"\"#6ģ6(`)Aǀw@\0ā;iB0\'\n	xiC%0\'DeW+\\tPq+I~T./\"l2w}72x\'KHZieUU~	SiF\Z1mEDT͕6.{s#G>\'\"򁁊\Z |\rG~XGHy+ӄZ!L-\"U>@BY	hJ\0:U;le*h*J&[tse}WQܶ&B.I\"WJ)#Y7zGVs_՜1Q1TơgqVx63YEr.vE,\'yD(rΉG9IKB|4IުU|g\Z}Yy6O&zO>RMȤɇ,ZmFqǞ⁎̀DGwH4LC\0*\nWo[ҷob8eba Q/V\r`*|Yr|\"5DU|n\ns<a;\Z:sa\rio\0F܎w+^q&P2vp>9ǳB<1tؙ$Њlh$\"%xJ\"B(Ux3@#ZVc5& ƏO\'\nƇXdCzSь[4l<VaB*yKHg1x\"x\n)IINJR؀Gc@=M1!\" .8A\'nuY\"VX\rqʂs4|p?BȰЈsS?z괃,WY#Q<\np(\n!~\nBԑi}x$7QVL8؃U\'EL\0$n.Xʊ	uĢ[*9¾.#fle,mIÜ#\ZDGQVJCrdHt| qs:aa\"R	W1ȥ|CgA rK% *,LR3>N|!d!C7>Y)KMr0\Zc\'?٩rMPG0s2tԺ\r+Fu@BXz|?$?<J/m5j\\xׄmssf]j%>uj0TF;>\Z㑏\0atpG0g/xq+n=80	\n[ʧ?Ҷ\r{0>n`-Kau\0\03M7zagp(\nOK]:Fy\"PňE*1	\roe/}K:LO+La,V{,pZ%GXXFaV09s`|#\"Y=Q\nD	sa\0gCY2P}C@BQ3Jb|ߊ$#%Ɉ$\"@92m[aR`$<*^ :\0	MY8TA%*\\-=>%djZ\0-N_\"M\Z̔V0܋pOs=,tlő|XG]atĺǉ\0XD>&1baCܮ(BўReSpFɦ|l+Lqed#a$e& ?:`	$/Q|Z!UҤ4k,4QڭO(P*t&ʅ+t|_&LO`#s\Z![܈Tq:`,bl,\\.A:*T^t(\n`8pl#pZx0G`ы(yȀt )x)sAoPTt2}C.C.N~^)[wd\n(SpH1=KiX0yeW=uhq1eÔ Y$\r09\0HGp0k&j˟곾kY[E@H88	AQZc˂c1H@k! h8,0B:r7Ȃe`	ܑH7 @@6\",\\mA)}4cAÉs8)05pH$Be\"*!1ٯq(Ȣ*X|1OV{!jz/9۾x5G7C,ؽNRP!aZg()W\0G1(qW@	+rt(huXenZJqP<0s<\Z\0\0z8E9x2Yy)<ttH<Flp%]V`_(<IDStb\nrG9ݨI\0ȡ:&0&\ZC|0|~<>@>Cwq=e*<V&yx30+*XSHc#B8{P4	6	l˶6\0{S҅nFZAL.^yKZ3t.X(.xzeh%A0\"T+eZ4!ǝ)G7BĜϑ.T+ܦ2Hȉ{ZL*{LZ\'tZ,,,MHXϴkt0xHFкT(L4I`~p\\HOG6Xc7Iox%EZEmXNh81#32Q.aaqJquzpٗlPo_l OOO8y(ɗ++h0yzTPō5IHA>4D	t\"FI+{H6T(8G(>PT\096u +(eMPCm8\"M<}z}ЇcxRc \n !3as0\n\0[IsNuWxA2O9#eHKӛloψTIzJXH!GEL>AGePIJToꗟǠk5Q0hUHHTxV,\nyh,X?BF̇e鷥5usRRpu.^8rhurؗsV/W/\rőE@cCzzVpڦwVXLeF CTȵYJFHUuT>JFզ1u4!ٞ\r(U0ߕHڦFm؆R >\0bZ8	uJ`9S*F!Ty[DEǃE؅%)q0٦#yü\"xAǄ\rV#9\Zv@s@6IsXѵ@9Q|\rc5spW\rfZ\r>\"݋`xէˇe-RRܧtr}؇ZYI\0q0n Gȉ\n,e24p܊XX[BVPǸ[[u6\\Uc]qswQ&*0,a5h-v!IuȺ=&@G`\\sy`>h`|!9U=L&X4Md#CX<TTVZf֜e(rC	$QK	~ xp%\\)ٮdI\ntv?\n.~ۿ4β2HcA4wyPV4P ڡCx\'D%8.\n56cB6H`cI(t(sWs`sh\nVsS>ʙu5=$]cyu#}!IM[&E#ÝyHt OMl)g(SCjU`8b<)*5JtK0HH˭HX0ofQ0֪q˻Žu_`*	,P4X2\']cIr\\CFh*FUNn40lE>;`?tP1yݫ\\̰BFS^>p@hEmi8yxbT@q\Z@t[zhda7K~	V	7rGnP*O^\"\nhHSe״ `}Dvzk=TFHsd1Uh뻒1c7j\"u\" \rsX\nVPƘ(H-Mùs\rS8liCPeKq7(z`Q63\"^ϝHWڊLwnEY\0A<ue\nazSJ!F	H3Mz n>ke`z0;ߪXGruIЪ/硁\\\".GQbtT`\ZuA`> #+\nSV\nGؾ%uVeWH\'eMfit(B}Xq-S7;npr1Z6Spx7UrXPHpﳫ}6QY5XytHDt\r>_wpGt>	sL5\\d#I<Q4V?]\"sxgr[iփ!uH(#pu*Lы*Hr~[W[v7\nlCQJ&$9tU\ruPiX*kHvWvtXee\'{sYø\'ס?tG/G0pYxHp\'`DTIZ;cqU\nsU0uXш4S}4W_!!\'[nEu^d/Gv\\Vׯ<̈́h\n&bXA6Vv쬇҉\\8^8tp OOX{{wjs4/Ǹ(Ix<D4|;>|	ˤ\rlG\rQq#F\Z!\'iޫFͻ\"I:*WHU8teu<ls畢W-27<g&dEW\Z*JyY+O^ذW1RotVlXLe+[0\0@\n	a1/\\e]Ջg9G;7ϑ#USkZb^r$VnKTB.M9+XaJͪA*^lݜ9)zUHk#sQ<Ҥ1R(UF\nw<4XdLX:0H+02m@S>q8KS=4Mr<(ĎW)sW^5VYh=J*w0M6J\0a$PXf@cWX<D*x.̖|vb*,ܶ/o2\0\'qr	tuY9]*yϝ+~:א#U*\\Z#|\n<|$LHl\rQx$SJrHHLM\'^XTA(5+,W7J$@*oe\r1Bd.FV;TY\Z@e`DN7!7<\"*i;)g,brx7pO+<lRQ9MJix<J+`8#ÏD}~0G.$VcHH,W@\n*82	AOҰW%$<д8Î-790b_EnV/1Iva%o/p*z,lK+8i\")\n(瞼y\'6L2m(ONs1JHu\\3*|ܜJ99\nt|߆m{JZ<Tg5J+T/EwL*lbN*ъ&LQ9`am(\ZVKUeuV`H*#$WAXU%]7\"/ya1!l ?<W1CdRT&Jl24Nb@ŦMb6(B+|1efx(vA\0\r)צPr9h\"\rl\Z5	qe$ģ\nc*\"3FlY;VyD\\sJVq&8G#x<p&Kh-FAK\rvDp  \njA7.}qP[\rlİHFK19s0F:ҡ=XZ7eGS;AE	ZbXOb$q2)[!7:V4lzVֆ54h5d0\":8FMmX&VTϪMg嘣NRbB(Z B\rY8Q2	5 &1S%)ԟ2rh	/wq!61(e0V\n786qNNek5lgEi([$o\0g\"NE9)1Qj?qJ\ZjY@9EHSG\"ΥG%I@b?@$QG0 0A-DJ7|x@e+baRcGI¬*6\0*+NkTǜKX\n	WdOvXF]z1iL-F6א1 S:2Hl\ZD#\"n9z.{?,\'Q9Ӱ*i9|+^сF6D#\nfR؎ .Z]*A5Y\"N9QB0E.1lx7Ǐ9CE/Z֓i*Q\0<nOML&dem!7Tbp~)$lګX\nXt\"5zTU(3%ޟ0V\rP9r-PGy49\ZE\'_ACdeKNJ&SR;NZ\\]^g;zH*,2I΋pNI\'\'q50GyG}\ZO\\πn#]#nAYEE$#M[L0HҠ\nD-(\nIPO)JChkku#wĮ߱f\Zf1<ɳrq=4e,?]x\0`ژ8f3_;kouJ\'8 `6	h3s0m]g1øOEbQd4L}ڇjF<f?5b<Zq-9>IBVyrV[cuXџܥ(-G<ꑏy8bUf˸סI4	0T`~vLss=Qֳz*qk/ԉ^ßi++2/\r8TVOyUV<Jd	VDtGƪ\n\n$ThD9#$DtG#\0GJ!_JsS]-ޥEZ>:X.d[y_wu}\\2F;]ڡ]C:Lh(88B\"Z: qȃ$DAUDXHD$fH,]TxŴ\\=Ʃd}VLFpCʬ՚GGH)$(dzD1\"29S=#Sj$a[(Cօi9,	yašIaHP[5+dU!&b@pBT\'p(( XA!QłhXEp`VeEp	,QEF*$0\\M* \r\n԰]T\r\\-5q(QlG6:Sz.hz8;W1WuvIکc8;_=5Ba10\\\r8D#L@\0\0;','abcd','2011-07-18 19:58:37','abcd','2011-07-18 19:58:37','Y','1');
INSERT INTO `t_da_country` VALUES ('1','中国','CN','System','2010-09-15 18:54:00','System','2010-09-15 18:54:00','Y'), ('2','日本','JP','System','2010-09-15 18:54:25','System','2010-09-15 18:54:25','Y'), ('3','美国','US','System','2010-09-15 18:54:49','System','2010-09-15 18:54:49','Y'), ('4','中国台湾省','TW','System','2010-09-15 19:26:59','System','2010-09-15 19:30:38','Y'), ('5','韩国 ','KP','System','2010-09-15 19:28:33','System','2010-09-15 19:28:33','Y'), ('6','中国香港特区','HK','System','2010-09-15 19:28:50','System','2010-09-15 19:28:50','Y'), ('7','加拿大','CA','System','2010-09-15 19:29:12','System','2010-09-15 19:29:12','Y'), ('8','法国 ','FR','System','2010-09-15 19:29:37','System','2010-09-15 19:29:37','Y'), ('9','荷兰','NL','System','2010-09-15 19:30:14','System','2010-09-15 19:30:14','Y'), ('10','英国 ','UK','System','2010-09-15 19:30:56','System','2010-09-15 19:30:56','Y'), ('11','新加坡','SG','System','2010-09-15 19:31:25','System','2010-09-15 19:31:25','Y'), ('12','德国','DE','System','2010-09-15 19:31:47','System','2010-09-15 19:31:47','Y');
INSERT INTO `t_da_product` VALUES ('1','笔记本','admin','2011-04-30 23:27:56','admin','2011-04-30 23:27:56','Y','1','3'), ('2','平板电脑','admin','2011-04-30 23:28:18','admin','2011-04-30 23:28:24','Y','1','1'), ('3','上网本','admin','2011-04-30 23:29:05','admin','2011-04-30 23:29:05','Y','1','7'), ('4','笔记本包','admin','2011-04-30 23:29:36','admin','2011-04-30 23:29:36','Y','1','3'), ('5','台式机电脑','admin','2011-04-30 23:38:48','admin','2011-04-30 23:38:48','Y','2','1'), ('6','一体电脑','admin','2011-04-30 23:39:25','admin','2011-04-30 23:39:25','Y','2','1'), ('7','瘦客户机','admin','2011-04-30 23:39:43','admin','2011-04-30 23:39:43','Y','2','1'), ('8','手机','admin','2011-04-30 23:39:59','admin','2011-04-30 23:39:59','Y','3','1'), ('9','蓝牙耳机','admin','2011-04-30 23:40:15','admin','2011-04-30 23:40:15','Y','3','1'), ('10','对讲机','admin','2011-04-30 23:40:29','admin','2011-05-18 18:25:22','Y','3','7'), ('11','手机电池','admin','2011-04-30 23:40:44','admin','2011-04-30 23:40:44','Y','3','1'), ('12','手机充电器','admin','2011-04-30 23:40:58','admin','2011-04-30 23:40:58','Y','3','1');
INSERT INTO `t_da_productbrand` VALUES ('1','2','1','admin','2011-05-02 16:04:52','admin','2011-05-02 16:04:52','Y'), ('2','5','1','admin','2011-05-02 16:05:11','admin','2011-05-02 16:05:11','Y'), ('3','6','1','admin','2011-05-02 16:05:25','admin','2011-05-02 16:05:25','Y'), ('4','1','1','admin','2011-05-02 16:05:58','admin','2011-05-02 16:05:58','Y'), ('5','8','1','admin','2011-05-02 16:06:16','admin','2011-05-02 16:06:16','Y'), ('6','3','2','admin','2011-05-02 16:07:25','admin','2011-05-02 16:07:25','Y'), ('7','5','2','admin','2011-05-02 16:07:42','admin','2011-05-02 16:07:42','Y'), ('8','7','2','admin','2011-05-02 16:08:25','admin','2011-05-02 16:08:25','Y'), ('9','8','2','admin','2011-05-02 16:08:51','admin','2011-05-02 16:08:51','Y'), ('10','6','2','admin','2011-05-02 16:10:20','admin','2011-05-02 16:10:20','Y'), ('11','2','3','admin','2011-05-02 16:12:09','admin','2011-05-02 16:12:09','Y'), ('12','5','3','admin','2011-05-02 16:12:41','admin','2011-05-02 16:12:41','Y'), ('13','1','3','admin','2011-05-02 16:14:01','admin','2011-05-02 16:14:01','Y'), ('14','8','3','admin','2011-05-02 16:23:47','admin','2011-05-02 16:23:47','Y'), ('15','6','3','admin','2011-05-02 16:25:01','admin','2011-05-02 16:25:01','Y'), ('16','3','3','admin','2011-05-02 16:27:01','admin','2011-05-02 16:27:01','Y'), ('17','4','3','admin','2011-05-02 16:29:01','admin','2011-05-02 16:43:24','Y'), ('18','7','5','admin','2011-05-02 16:47:18','admin','2011-05-02 16:47:18','Y'), ('19','6','5','admin','2011-05-02 16:48:02','admin','2011-05-02 16:48:02','Y'), ('20','2','5','admin','2011-05-02 16:48:19','admin','2011-05-02 16:48:19','Y'), ('21','1','5','admin','2011-05-02 16:48:52','admin','2011-05-02 16:48:52','Y'), ('22','5','6','admin','2011-05-02 16:56:39','admin','2011-05-02 16:56:39','Y'), ('23','4','6','admin','2011-05-02 16:57:09','admin','2011-05-02 16:57:09','Y'), ('24','3','6','admin','2011-05-02 16:57:39','admin','2011-05-02 16:57:39','Y'), ('25','5','10','admin','2011-05-02 17:06:04','admin','2011-05-02 17:06:04','Y'), ('26','4','10','admin','2011-05-02 17:06:16','admin','2011-05-02 17:06:16','Y'), ('27','5','11','admin','2011-05-02 17:16:25','admin','2011-05-02 17:16:25','Y'), ('28','4','11','admin','2011-05-02 17:16:53','admin','2011-05-02 17:16:53','Y'), ('29','3','11','admin','2011-05-02 17:21:21','admin','2011-05-02 17:21:21','Y'), ('30','8','11','admin','2011-05-02 17:22:10','admin','2011-05-02 17:22:10','Y'), ('31','2','12','admin','2011-05-02 17:25:49','admin','2011-05-02 17:25:49','Y'), ('32','1','12','admin','2011-05-02 17:26:16','admin','2011-05-02 17:26:16','Y'), ('33','5','12','admin','2011-05-02 17:26:39','admin','2011-05-02 17:26:39','Y'), ('34','4','12','admin','2011-05-02 17:27:09','admin','2011-05-02 17:27:09','Y');
INSERT INTO `t_da_province` VALUES ('1','北京市','BJ','System','2010-09-15 18:57:24','System','2010-09-15 18:57:24','Y'), ('2','天津市','TJ','System','2010-09-15 18:57:47','System','2010-09-15 18:57:47','Y'), ('3','上海市','SH','System','2010-09-15 18:58:04','System','2010-09-15 18:58:04','Y'), ('4','重庆市','CQ','System','2010-09-15 18:58:16','System','2010-09-15 18:58:16','Y'), ('5','河北省','HE','System','2010-09-15 18:58:30','System','2010-09-15 19:06:22','Y'), ('6','河南省','HA','System','2010-09-15 18:58:47','System','2010-09-15 19:06:46','Y'), ('7','云南省','YN','System','2010-09-15 18:59:03','System','2010-09-15 18:59:03','Y'), ('8','辽宁省','LN','System','2010-09-15 18:59:17','System','2010-09-15 18:59:17','Y'), ('9','黑龙江省','HL','System','2010-09-15 18:59:35','System','2010-09-15 19:07:13','Y'), ('10','安徽省','AH','System','2010-09-15 19:01:48','System','2010-09-15 19:01:48','Y'), ('11','福建省','FJ','System','2010-09-15 19:02:26','System','2010-09-15 19:02:26','Y'), ('12','甘肃省','GS','System','2010-09-15 19:02:49','System','2010-09-15 19:02:49','Y'), ('13','广东省','GD','System','2010-09-15 19:03:06','System','2010-09-15 19:03:06','Y'), ('14','广西壮族自治区','GX','System','2010-09-15 19:04:34','System','2010-09-15 19:04:34','Y'), ('15','贵州省','GZ','System','2010-09-15 19:05:22','System','2010-09-15 19:05:22','Y'), ('16','海南省','HI','System','2010-09-15 19:05:54','System','2010-09-15 19:05:54','Y'), ('17','湖北省','HB','System','2010-09-15 19:07:32','System','2010-09-15 19:07:32','Y'), ('18','湖南省','HN','System','2010-09-15 19:07:50','System','2010-09-15 19:07:50','Y'), ('19','吉林省','JL','System','2010-09-15 19:08:08','System','2010-09-15 19:08:08','Y'), ('20','江苏省','JS','System','2010-09-15 19:08:27','System','2010-09-15 19:08:27','Y'), ('21','江西省','JX','System','2010-09-15 19:08:45','System','2010-09-15 19:08:45','Y'), ('22','内蒙古自治区','NM','System','2010-09-15 19:09:18','System','2010-09-15 19:09:18','Y'), ('23','宁夏回族自治区','NX','System','2010-09-15 19:10:03','System','2010-09-15 19:10:03','Y'), ('24','青海省','QH','System','2010-09-15 19:10:20','System','2010-09-15 19:10:20','Y'), ('25','山东省','SD','System','2010-09-15 19:10:42','System','2010-09-15 19:10:42','Y'), ('26','山西省','SX','System','2010-09-15 19:10:59','System','2010-09-15 19:10:59','Y'), ('27','陕西省','SN','System','2010-09-15 19:11:34','System','2010-09-15 19:11:34','Y'), ('28','四川省','SC','System','2010-09-15 19:11:58','System','2010-09-15 19:11:58','Y'), ('29','新疆维吾尔族自治区','XJ','System','2010-09-15 19:12:36','System','2010-09-15 19:12:36','Y'), ('30','西藏自治区','XZ','System','2010-09-15 19:13:07','System','2010-09-15 19:13:07','Y');
INSERT INTO `t_da_role` VALUES ('1','系统管理员','具有所有的后台权限','system','2010-01-01 01:01:00','system','2010-01-01 01:01:00','Y'), ('2','超级用户','具有基本数据维护和报表权限','system','2010-01-01 01:01:00','system','2010-01-01 01:01:00','Y'), ('3','一般用户','具有基本数据维护','system','2010-01-01 01:01:00','system','2010-01-01 01:01:00','Y'), ('4','企业会员','企业用户功能','system','2010-01-01 01:01:00','system','2010-01-01 01:01:00','Y'), ('5','个人会员','个人用户功能','system','2010-01-01 01:01:00','system','2010-01-01 01:01:00','Y');
INSERT INTO `t_da_sequence` VALUES ('advertise','1'), ('brand','1'), ('category','7'), ('city','1'), ('comments','1'), ('commodity','2'), ('commodityimage','2'), ('contact','1'), ('country','13'), ('history','1'), ('product','13'), ('productbrand','35'), ('province','31'), ('role','6'), ('sortable','53'), ('sort_order','73'), ('supplier','1'), ('supplierproduct','1'), ('user','3'), ('userrole','2');
INSERT INTO `t_da_sortable` VALUES ('1','1','60','C',NULL), ('2','2','61','C',NULL), ('3','3','62','C',NULL), ('4','4','63','C',NULL), ('5','5','64','C',NULL), ('6','6','59','C',NULL), ('7','1','66','P','1'), ('8','2','65','P','1'), ('9','3','67','P','1'), ('10','4','68','P','1'), ('11','5','11','P','2'), ('12','6','12','P','2'), ('13','7','13','P','2'), ('14','8','14','P','3'), ('15','9','15','P','3'), ('16','10','16','P','3'), ('17','11','17','P','3'), ('18','12','18','P','3'), ('19','2','19','B','7'), ('20','5','20','B','7'), ('21','6','21','B','7'), ('22','1','22','B','7'), ('23','8','23','B','7'), ('24','3','24','B','8'), ('25','5','25','B','8'), ('26','7','26','B','8'), ('27','8','27','B','8'), ('28','6','28','B','8'), ('29','2','29','B','9'), ('30','5','30','B','9'), ('31','1','31','B','9'), ('32','8','32','B','9'), ('33','6','33','B','9'), ('34','3','34','B','9'), ('35','4','35','B','7'), ('36','7','70','B','11'), ('37','6','71','B','11'), ('38','2','72','B','11'), ('39','1','69','B','11'), ('40','5','40','B','12'), ('41','4','41','B','12'), ('42','3','42','B','12'), ('43','5','43','B','16'), ('44','4','44','B','16'), ('45','5','45','B','17'), ('46','4','46','B','17'), ('47','3','47','B','17'), ('48','8','48','B','17'), ('49','2','49','B','18'), ('50','1','50','B','18'), ('51','5','51','B','18'), ('52','4','52','B','18');
INSERT INTO `t_da_user` VALUES ('1','admin','porkin@126.com','admin','2011-08-22 22:09:07','2010-09-15 20:13:55','9','System','2010-09-15 20:13:55','System','2010-09-15 20:13:55','Y'), ('2','abcd','test@125.com','abcd123','2011-07-18 19:55:06','2011-07-18 19:54:57','1','abcd','2011-07-18 19:54:57','abcd','2011-07-18 19:55:33','Y');
INSERT INTO `t_da_userrole` VALUES ('1','1'), ('2','5');
