-- phpMyAdmin SQL Dump
-- version 3.2.4
-- http://www.phpmyadmin.net
--
-- 主机: localhost
-- 生成日期: 2010 年 09 月 15 日 14:39
-- 服务器版本: 5.1.41
-- PHP 版本: 5.3.1

SET SQL_MODE="NO_AUTO_VALUE_ON_ZERO";


/*!40101 SET @OLD_CHARACTER_SET_CLIENT=@@CHARACTER_SET_CLIENT */;
/*!40101 SET @OLD_CHARACTER_SET_RESULTS=@@CHARACTER_SET_RESULTS */;
/*!40101 SET @OLD_COLLATION_CONNECTION=@@COLLATION_CONNECTION */;
/*!40101 SET NAMES utf8 */;

--
-- 数据库: `digiagent`
--
CREATE DATABASE `digiagent` DEFAULT CHARACTER SET utf8 COLLATE utf8_general_ci;
USE `digiagent`;

-- --------------------------------------------------------

--
-- 表的结构 `t_da_brand`
--
-- 创建时间: 2010 年 09 月 14 日 13:24
--

CREATE TABLE IF NOT EXISTS `t_da_brand` (
  `BRAND_ID` int(11) NOT NULL AUTO_INCREMENT COMMENT '??????',
  `BRAND_NAME` varchar(20) NOT NULL COMMENT '?????',
  `BRAND_ENGLISH` varchar(20) NOT NULL COMMENT '?????',
  `CREATED_BY` varchar(30) NOT NULL COMMENT '???',
  `CREATED_DATE` datetime NOT NULL COMMENT '????',
  `LASTUPDATED_BY` varchar(30) NOT NULL COMMENT '?????',
  `LASTUPDATED_DATE` datetime NOT NULL COMMENT '??????',
  `ACTIVE_FLAG` char(1) NOT NULL DEFAULT 'N' COMMENT '?????',
  `COUNTRY_ID` int(11) NOT NULL COMMENT '?????????',
  PRIMARY KEY (`BRAND_ID`),
  KEY `COUNTRY_ID` (`COUNTRY_ID`)
) ENGINE=InnoDB  DEFAULT CHARSET=utf8 COMMENT='?????' AUTO_INCREMENT=9 ;

--
-- 表的关联 `t_da_brand`:
--   `COUNTRY_ID`
--       `t_da_country` -> `COUNTRY_ID`
--

--
-- 转存表中的数据 `t_da_brand`
--

INSERT INTO `t_da_brand` (`BRAND_ID`, `BRAND_NAME`, `BRAND_ENGLISH`, `CREATED_BY`, `CREATED_DATE`, `LASTUPDATED_BY`, `LASTUPDATED_DATE`, `ACTIVE_FLAG`, `COUNTRY_ID`) VALUES
(1, '戴尔', 'DELL', 'sj', '2010-09-15 19:26:33', 'sj', '2010-09-15 19:26:33', 'Y', 3),
(2, '惠普', 'HP', 'sj', '2010-09-15 19:34:31', 'sj', '2010-09-15 19:34:31', 'Y', 3),
(3, '三星', 'Samsun', 'sj', '2010-09-15 19:35:22', 'sj', '2010-09-15 19:35:22', 'Y', 5),
(4, '宏碁', 'Acer', 'sj', '2010-09-15 19:37:02', 'sj', '2010-09-15 19:37:02', 'Y', 4),
(5, '华硕', 'ASUS', 'sj', '2010-09-15 19:37:44', 'sj', '2010-09-15 19:37:44', 'Y', 4),
(6, '联想', 'Lenovo', 'sj', '2010-09-15 19:38:33', 'sj', '2010-09-15 19:38:33', 'Y', 1),
(7, '同方', '同方', 'sj', '2010-09-15 19:50:30', 'sj', '2010-09-15 19:50:30', 'Y', 1),
(8, '索尼', 'SONY', 'sj', '2010-09-15 19:53:41', 'sj', '2010-09-15 19:53:41', 'Y', 2);

-- --------------------------------------------------------

--
-- 表的结构 `t_da_category`
--
-- 创建时间: 2010 年 09 月 14 日 13:24
--

CREATE TABLE IF NOT EXISTS `t_da_category` (
  `CATEGORY_ID` int(11) NOT NULL AUTO_INCREMENT COMMENT '?????????',
  `CATEGORY_NAME` varchar(20) NOT NULL COMMENT '???????',
  `CREATED_BY` varchar(30) NOT NULL COMMENT '???',
  `CREATED_DATE` datetime NOT NULL COMMENT '????',
  `LASTUPDATED_BY` varchar(30) NOT NULL COMMENT '?????',
  `LASTUPDATED_DATE` datetime NOT NULL COMMENT '??????',
  `ACTIVE_FLAG` char(1) NOT NULL DEFAULT 'N' COMMENT '?????',
  PRIMARY KEY (`CATEGORY_ID`)
) ENGINE=InnoDB  DEFAULT CHARSET=utf8 COMMENT='???????' AUTO_INCREMENT=2 ;

--
-- 转存表中的数据 `t_da_category`
--

INSERT INTO `t_da_category` (`CATEGORY_ID`, `CATEGORY_NAME`, `CREATED_BY`, `CREATED_DATE`, `LASTUPDATED_BY`, `LASTUPDATED_DATE`, `ACTIVE_FLAG`) VALUES
(1, '笔记本,整机', 'sj', '2010-09-14 22:39:05', 'sj', '2010-09-15 18:53:02', 'Y');

-- --------------------------------------------------------

--
-- 表的结构 `t_da_city`
--
-- 创建时间: 2010 年 09 月 14 日 13:24
--

CREATE TABLE IF NOT EXISTS `t_da_city` (
  `CITY_ID` int(11) NOT NULL AUTO_INCREMENT COMMENT '??????',
  `CITY_NAME` varchar(20) NOT NULL COMMENT '?????',
  `CITY_ABBREVIATION` varchar(5) DEFAULT NULL COMMENT '????(???,DL)',
  `CREATED_BY` varchar(30) NOT NULL COMMENT '???',
  `CREATED_DATE` datetime NOT NULL COMMENT '????',
  `LASTUPDATED_BY` varchar(30) NOT NULL COMMENT '?????',
  `LASTUPDATED_DATE` datetime NOT NULL COMMENT '??????',
  `ACTIVE_FLAG` char(1) DEFAULT 'N' COMMENT '?????',
  `PROVINCE_ID` int(11) NOT NULL COMMENT '???????',
  PRIMARY KEY (`CITY_ID`),
  KEY `PROVINCE_ID` (`PROVINCE_ID`)
) ENGINE=InnoDB  DEFAULT CHARSET=utf8 COMMENT='?????????????????' AUTO_INCREMENT=3 ;

--
-- 表的关联 `t_da_city`:
--   `PROVINCE_ID`
--       `t_da_province` -> `PROVINCE_ID`
--

--
-- 转存表中的数据 `t_da_city`
--

INSERT INTO `t_da_city` (`CITY_ID`, `CITY_NAME`, `CITY_ABBREVIATION`, `CREATED_BY`, `CREATED_DATE`, `LASTUPDATED_BY`, `LASTUPDATED_DATE`, `ACTIVE_FLAG`, `PROVINCE_ID`) VALUES
(1, '大连市', 'DL', 'sj', '2010-09-15 19:15:39', 'sj', '2010-09-15 19:15:39', 'Y', 8),
(2, '辽阳市', 'SY', 'sj', '2010-09-15 19:16:00', 'sj', '2010-09-15 19:16:00', 'Y', 8);

-- --------------------------------------------------------

--
-- 表的结构 `t_da_commodity`
--
-- 创建时间: 2010 年 09 月 14 日 13:24
--

CREATE TABLE IF NOT EXISTS `t_da_commodity` (
  `COMMODITY_ID` int(11) NOT NULL AUTO_INCREMENT COMMENT '??????',
  `COMMODITY_NAME` varchar(30) NOT NULL COMMENT '????',
  `COMMODITY_DESCRIPTION` varchar(3000) NOT NULL COMMENT '????',
  `START_DATE` datetime DEFAULT NULL COMMENT '???????',
  `END_DATE` datetime DEFAULT NULL COMMENT '???????',
  `COMMODITY_TYPE` char(1) NOT NULL DEFAULT 'P' COMMENT '????(S:???P:??)',
  `USER_ID` int(11) NOT NULL COMMENT '??????',
  `CREATED_BY` varchar(30) NOT NULL COMMENT '???',
  `CREATED_DATE` datetime NOT NULL COMMENT '????',
  `LASTUPDATED_BY` varchar(30) NOT NULL COMMENT '?????',
  `LASTUPDATED_DATE` datetime NOT NULL COMMENT '??????',
  `ACTIVE_FLAG` char(1) NOT NULL DEFAULT 'N' COMMENT '?????',
  PRIMARY KEY (`COMMODITY_ID`),
  KEY `USER_ID` (`USER_ID`)
) ENGINE=InnoDB DEFAULT CHARSET=utf8 COMMENT='?????' AUTO_INCREMENT=1 ;

--
-- 表的关联 `t_da_commodity`:
--   `USER_ID`
--       `t_da_user` -> `USER_ID`
--

--
-- 转存表中的数据 `t_da_commodity`
--


-- --------------------------------------------------------

--
-- 表的结构 `t_da_commodityimage`
--
-- 创建时间: 2010 年 09 月 14 日 13:24
--

CREATE TABLE IF NOT EXISTS `t_da_commodityimage` (
  `COMMODITYIMAGE_ID` int(11) NOT NULL AUTO_INCREMENT COMMENT '????????',
  `COMMODITYIMAGE_CONTENT` blob NOT NULL COMMENT '??????',
  `CREATED_BY` varchar(30) DEFAULT NULL COMMENT '???',
  `CREATED_DATE` datetime DEFAULT NULL COMMENT '????',
  `LASTUPDATED_BY` varchar(30) DEFAULT NULL COMMENT '?????',
  `LASTUPDATED_DATE` datetime DEFAULT NULL COMMENT '??????',
  `ACTIVE_FLAG` char(1) DEFAULT NULL COMMENT '?????',
  `COMMODITY_ID` int(11) NOT NULL COMMENT '??????',
  PRIMARY KEY (`COMMODITYIMAGE_ID`),
  KEY `COMMODITY_ID` (`COMMODITY_ID`)
) ENGINE=InnoDB DEFAULT CHARSET=utf8 COMMENT='?????' AUTO_INCREMENT=1 ;

--
-- 表的关联 `t_da_commodityimage`:
--   `COMMODITY_ID`
--       `t_da_commodity` -> `COMMODITY_ID`
--

--
-- 转存表中的数据 `t_da_commodityimage`
--


-- --------------------------------------------------------

--
-- 表的结构 `t_da_contact`
--
-- 创建时间: 2010 年 09 月 14 日 13:24
--

CREATE TABLE IF NOT EXISTS `t_da_contact` (
  `CONTACT_ID` int(11) NOT NULL AUTO_INCREMENT COMMENT '????????',
  `CONTACT_CONTENT` varchar(30) NOT NULL COMMENT '??????',
  `CONTACT_TYPE` char(1) NOT NULL DEFAULT 'Q' COMMENT '????: Q:qq, N:MSN',
  `CREATED_BY` varchar(30) NOT NULL COMMENT '???',
  `CREATED_DATE` datetime NOT NULL COMMENT '????',
  `LASTUPDATED_BY` varchar(30) NOT NULL COMMENT '?????',
  `LASTUPDATED_DATE` datetime NOT NULL COMMENT '??????',
  `ACTIVE_FLAG` char(1) NOT NULL COMMENT '?????',
  `SUPPLIER_ID` int(11) NOT NULL COMMENT '???????',
  PRIMARY KEY (`CONTACT_ID`),
  KEY `SUPPLIER_ID` (`SUPPLIER_ID`)
) ENGINE=InnoDB  DEFAULT CHARSET=utf8 COMMENT='?????' AUTO_INCREMENT=3 ;

--
-- 表的关联 `t_da_contact`:
--   `SUPPLIER_ID`
--       `t_da_supplier` -> `SUPPLIER_ID`
--

--
-- 转存表中的数据 `t_da_contact`
--

INSERT INTO `t_da_contact` (`CONTACT_ID`, `CONTACT_CONTENT`, `CONTACT_TYPE`, `CREATED_BY`, `CREATED_DATE`, `LASTUPDATED_BY`, `LASTUPDATED_DATE`, `ACTIVE_FLAG`, `SUPPLIER_ID`) VALUES
(1, '64113388', 'Q', 'sj', '2010-09-15 20:30:26', 'sj', '2010-09-15 20:30:26', 'Y', 1),
(2, '36564', 'Q', 'sj', '2010-09-15 20:30:58', 'sj', '2010-09-15 20:30:58', 'Y', 1);

-- --------------------------------------------------------

--
-- 表的结构 `t_da_country`
--
-- 创建时间: 2010 年 09 月 14 日 13:24
--

CREATE TABLE IF NOT EXISTS `t_da_country` (
  `COUNTRY_ID` int(11) NOT NULL AUTO_INCREMENT COMMENT '?????????',
  `COUNTRY_NAME` varchar(30) NOT NULL COMMENT '?????',
  `COUNTRY_ABBREVIATION` varchar(5) NOT NULL COMMENT '???????',
  `CREATED_BY` varchar(30) NOT NULL COMMENT '???',
  `CREATED_DATE` datetime NOT NULL COMMENT '????',
  `LASTUPDATED_BY` varchar(30) NOT NULL COMMENT '?????',
  `LASTUPDATED_DATE` datetime NOT NULL COMMENT '??????',
  `ACTIVE_FLAG` char(1) NOT NULL DEFAULT 'N' COMMENT '?????',
  PRIMARY KEY (`COUNTRY_ID`)
) ENGINE=InnoDB  DEFAULT CHARSET=utf8 COMMENT='?????' AUTO_INCREMENT=13 ;

--
-- 转存表中的数据 `t_da_country`
--

INSERT INTO `t_da_country` (`COUNTRY_ID`, `COUNTRY_NAME`, `COUNTRY_ABBREVIATION`, `CREATED_BY`, `CREATED_DATE`, `LASTUPDATED_BY`, `LASTUPDATED_DATE`, `ACTIVE_FLAG`) VALUES
(1, '中国', 'CN', 'sj', '2010-09-15 18:54:00', 'sj', '2010-09-15 18:54:00', 'Y'),
(2, '日本', 'JP', 'sj', '2010-09-15 18:54:25', 'sj', '2010-09-15 18:54:25', 'Y'),
(3, '美国', 'US', 'sj', '2010-09-15 18:54:49', 'sj', '2010-09-15 18:54:49', 'Y'),
(4, '中国台湾省', 'TW', 'sj', '2010-09-15 19:26:59', 'sj', '2010-09-15 19:30:38', 'Y'),
(5, '韩国 ', 'KP', 'sj', '2010-09-15 19:28:33', 'sj', '2010-09-15 19:28:33', 'Y'),
(6, '中国香港特区', 'HK', 'sj', '2010-09-15 19:28:50', 'sj', '2010-09-15 19:28:50', 'Y'),
(7, '加拿大', 'CA', 'sj', '2010-09-15 19:29:12', 'sj', '2010-09-15 19:29:12', 'Y'),
(8, '法国 ', 'FR', 'sj', '2010-09-15 19:29:37', 'sj', '2010-09-15 19:29:37', 'Y'),
(9, '荷兰', 'NL', 'sj', '2010-09-15 19:30:14', 'sj', '2010-09-15 19:30:14', 'Y'),
(10, '英国 ', 'UK', 'sj', '2010-09-15 19:30:56', 'sj', '2010-09-15 19:30:56', 'Y'),
(11, '新加坡', 'SG', 'sj', '2010-09-15 19:31:25', 'sj', '2010-09-15 19:31:25', 'Y'),
(12, '德国', 'DE', 'sj', '2010-09-15 19:31:47', 'sj', '2010-09-15 19:31:47', 'Y');

-- --------------------------------------------------------

--
-- 表的结构 `t_da_history`
--
-- 创建时间: 2010 年 09 月 14 日 13:24
--

CREATE TABLE IF NOT EXISTS `t_da_history` (
  `HISTORY_ID` int(11) NOT NULL AUTO_INCREMENT COMMENT '????????',
  `HISTORY_TYPE` char(1) NOT NULL COMMENT '??????(B:??,C:??,P:??,E:????,S:???)',
  `HISTORY_TYPEID` int(11) NOT NULL COMMENT '????ID,???ID,???ID',
  `HISTORY_ACCESSDATE` datetime NOT NULL COMMENT '????',
  PRIMARY KEY (`HISTORY_ID`)
) ENGINE=InnoDB DEFAULT CHARSET=utf8 COMMENT='?????' AUTO_INCREMENT=1 ;

--
-- 转存表中的数据 `t_da_history`
--


-- --------------------------------------------------------

--
-- 表的结构 `t_da_product`
--
-- 创建时间: 2010 年 09 月 14 日 13:24
--

CREATE TABLE IF NOT EXISTS `t_da_product` (
  `PRODUCT_ID` int(11) NOT NULL AUTO_INCREMENT COMMENT '??????',
  `PRODUCT_NAME` varchar(20) NOT NULL COMMENT '?????',
  `CREATED_BY` varchar(30) NOT NULL COMMENT '???',
  `CREATED_DATE` datetime NOT NULL COMMENT '????',
  `LASTUPDATED_BY` varchar(30) NOT NULL COMMENT '?????',
  `LASTUPDATED_DATE` datetime NOT NULL COMMENT '??????',
  `ACTIVE_FLAG` char(1) NOT NULL DEFAULT 'N' COMMENT '?????',
  `CATEGORY_ID` int(11) NOT NULL COMMENT '?????????',
  PRIMARY KEY (`PRODUCT_ID`),
  KEY `CATEGORY_ID` (`CATEGORY_ID`)
) ENGINE=InnoDB  DEFAULT CHARSET=utf8 COMMENT='?????' AUTO_INCREMENT=6 ;

--
-- 表的关联 `t_da_product`:
--   `CATEGORY_ID`
--       `t_da_category` -> `CATEGORY_ID`
--

--
-- 转存表中的数据 `t_da_product`
--

INSERT INTO `t_da_product` (`PRODUCT_ID`, `PRODUCT_NAME`, `CREATED_BY`, `CREATED_DATE`, `LASTUPDATED_BY`, `LASTUPDATED_DATE`, `ACTIVE_FLAG`, `CATEGORY_ID`) VALUES
(1, '笔记本电脑', 'sj', '2010-09-15 18:51:41', 'sj', '2010-09-15 18:51:41', 'Y', 1),
(2, 'PC电脑', 'sj', '2010-09-15 18:52:14', 'sj', '2010-09-15 18:52:14', 'Y', 1),
(3, '一体电脑', 'sj', '2010-09-15 18:52:28', 'sj', '2010-09-15 18:52:28', 'Y', 1),
(4, '平板电脑', 'sj', '2010-09-15 18:52:42', 'sj', '2010-09-15 18:52:42', 'Y', 1),
(5, '上网本', 'sj', '2010-09-15 18:53:24', 'sj', '2010-09-15 18:53:24', 'Y', 1);

-- --------------------------------------------------------

--
-- 表的结构 `t_da_productbrand`
--
-- 创建时间: 2010 年 09 月 14 日 13:24
--

CREATE TABLE IF NOT EXISTS `t_da_productbrand` (
  `PRODUCTBRAND_ID` int(11) NOT NULL AUTO_INCREMENT COMMENT '????????',
  `BRAND_ID` int(11) NOT NULL COMMENT '??????',
  `PRODUCT_ID` int(11) NOT NULL COMMENT '??????',
  `CREATED_BY` varchar(30) DEFAULT NULL COMMENT '???',
  `CREATED_DATE` datetime DEFAULT NULL COMMENT '????',
  `LASTUPDATED_BY` varchar(30) DEFAULT NULL COMMENT '?????',
  `LASTUPDATED_DATE` datetime DEFAULT NULL COMMENT '??????',
  `ACTIVE_FLAG` char(1) DEFAULT 'N' COMMENT '?????',
  PRIMARY KEY (`PRODUCTBRAND_ID`),
  KEY `BRAND_ID` (`BRAND_ID`),
  KEY `PRODUCT_ID` (`PRODUCT_ID`)
) ENGINE=InnoDB  DEFAULT CHARSET=utf8 COMMENT='???????' AUTO_INCREMENT=6 ;

--
-- 表的关联 `t_da_productbrand`:
--   `BRAND_ID`
--       `t_da_brand` -> `BRAND_ID`
--   `PRODUCT_ID`
--       `t_da_product` -> `PRODUCT_ID`
--

--
-- 转存表中的数据 `t_da_productbrand`
--

INSERT INTO `t_da_productbrand` (`PRODUCTBRAND_ID`, `BRAND_ID`, `PRODUCT_ID`, `CREATED_BY`, `CREATED_DATE`, `LASTUPDATED_BY`, `LASTUPDATED_DATE`, `ACTIVE_FLAG`) VALUES
(1, 7, 2, 'sj', '2010-09-15 19:54:06', 'sj', '2010-09-15 19:54:06', 'Y'),
(2, 6, 2, 'sj', '2010-09-15 19:55:15', 'sj', '2010-09-15 19:55:15', 'Y'),
(3, 5, 1, 'sj', '2010-09-15 19:56:17', 'sj', '2010-09-15 19:56:17', 'Y'),
(4, 4, 1, 'sj', '2010-09-15 19:56:40', 'sj', '2010-09-15 19:56:40', 'Y'),
(5, 5, 5, 'sj', '2010-09-15 19:57:19', 'sj', '2010-09-15 19:57:19', 'Y');

-- --------------------------------------------------------

--
-- 表的结构 `t_da_province`
--
-- 创建时间: 2010 年 09 月 14 日 13:24
--

CREATE TABLE IF NOT EXISTS `t_da_province` (
  `PROVINCE_ID` int(11) NOT NULL AUTO_INCREMENT COMMENT '???????',
  `PROVINCE_NAME` varchar(20) NOT NULL COMMENT '?????????????',
  `PROVINCE_ABBREVIATION` varchar(3) NOT NULL COMMENT '???????,?????LN,????',
  `CREATED_BY` varchar(30) NOT NULL COMMENT '???',
  `CREATED_DATE` datetime NOT NULL COMMENT '????',
  `LASTUPDATED_BY` varchar(30) NOT NULL COMMENT '?????',
  `LASTUPDATED_DATE` datetime NOT NULL COMMENT '??????',
  `ACTIVE_FLAG` char(1) NOT NULL DEFAULT 'N' COMMENT '?????',
  PRIMARY KEY (`PROVINCE_ID`),
  KEY `IDX_DA_PROVINCE_ID` (`PROVINCE_ID`)
) ENGINE=InnoDB  DEFAULT CHARSET=utf8 COMMENT='???????????????????' AUTO_INCREMENT=31 ;

--
-- 转存表中的数据 `t_da_province`
--

INSERT INTO `t_da_province` (`PROVINCE_ID`, `PROVINCE_NAME`, `PROVINCE_ABBREVIATION`, `CREATED_BY`, `CREATED_DATE`, `LASTUPDATED_BY`, `LASTUPDATED_DATE`, `ACTIVE_FLAG`) VALUES
(1, '北京市', 'BJ', 'sj', '2010-09-15 18:57:24', 'sj', '2010-09-15 18:57:24', 'Y'),
(2, '天津市', 'TJ', 'sj', '2010-09-15 18:57:47', 'sj', '2010-09-15 18:57:47', 'Y'),
(3, '上海市', 'SH', 'sj', '2010-09-15 18:58:04', 'sj', '2010-09-15 18:58:04', 'Y'),
(4, '重庆市', 'CQ', 'sj', '2010-09-15 18:58:16', 'sj', '2010-09-15 18:58:16', 'Y'),
(5, '河北省', 'HE', 'sj', '2010-09-15 18:58:30', 'sj', '2010-09-15 19:06:22', 'Y'),
(6, '河南省', 'HA', 'sj', '2010-09-15 18:58:47', 'sj', '2010-09-15 19:06:46', 'Y'),
(7, '云南省', 'YN', 'sj', '2010-09-15 18:59:03', 'sj', '2010-09-15 18:59:03', 'Y'),
(8, '辽宁省', 'LN', 'sj', '2010-09-15 18:59:17', 'sj', '2010-09-15 18:59:17', 'Y'),
(9, '黑龙江省', 'HL', 'sj', '2010-09-15 18:59:35', 'sj', '2010-09-15 19:07:13', 'Y'),
(10, '安徽省', 'AH', 'sj', '2010-09-15 19:01:48', 'sj', '2010-09-15 19:01:48', 'Y'),
(11, '福建省', 'FJ', 'sj', '2010-09-15 19:02:26', 'sj', '2010-09-15 19:02:26', 'Y'),
(12, '甘肃省', 'GS', 'sj', '2010-09-15 19:02:49', 'sj', '2010-09-15 19:02:49', 'Y'),
(13, '广东省', 'GD', 'sj', '2010-09-15 19:03:06', 'sj', '2010-09-15 19:03:06', 'Y'),
(14, '广西壮族自治区', 'GX', 'sj', '2010-09-15 19:04:34', 'sj', '2010-09-15 19:04:34', 'Y'),
(15, '贵州省', 'GZ', 'sj', '2010-09-15 19:05:22', 'sj', '2010-09-15 19:05:22', 'Y'),
(16, '海南省', 'HI', 'sj', '2010-09-15 19:05:54', 'sj', '2010-09-15 19:05:54', 'Y'),
(17, '湖北省', 'HB', 'sj', '2010-09-15 19:07:32', 'sj', '2010-09-15 19:07:32', 'Y'),
(18, '湖南省', 'HN', 'sj', '2010-09-15 19:07:50', 'sj', '2010-09-15 19:07:50', 'Y'),
(19, '吉林省', 'JL', 'sj', '2010-09-15 19:08:08', 'sj', '2010-09-15 19:08:08', 'Y'),
(20, '江苏省', 'JS', 'sj', '2010-09-15 19:08:27', 'sj', '2010-09-15 19:08:27', 'Y'),
(21, '江西省', 'JX', 'sj', '2010-09-15 19:08:45', 'sj', '2010-09-15 19:08:45', 'Y'),
(22, '内蒙古自治区', 'NM', 'sj', '2010-09-15 19:09:18', 'sj', '2010-09-15 19:09:18', 'Y'),
(23, '宁夏回族自治区', 'NX', 'sj', '2010-09-15 19:10:03', 'sj', '2010-09-15 19:10:03', 'Y'),
(24, '青海省', 'QH', 'sj', '2010-09-15 19:10:20', 'sj', '2010-09-15 19:10:20', 'Y'),
(25, '山东省', 'SD', 'sj', '2010-09-15 19:10:42', 'sj', '2010-09-15 19:10:42', 'Y'),
(26, '山西省', 'SX', 'sj', '2010-09-15 19:10:59', 'sj', '2010-09-15 19:10:59', 'Y'),
(27, '陕西省', 'SN', 'sj', '2010-09-15 19:11:34', 'sj', '2010-09-15 19:11:34', 'Y'),
(28, '四川省', 'SC', 'sj', '2010-09-15 19:11:58', 'sj', '2010-09-15 19:11:58', 'Y'),
(29, '新疆维吾尔族自治区', 'XJ', 'sj', '2010-09-15 19:12:36', 'sj', '2010-09-15 19:12:36', 'Y'),
(30, '西藏自治区', 'XZ', 'sj', '2010-09-15 19:13:07', 'sj', '2010-09-15 19:13:07', 'Y');

-- --------------------------------------------------------

--
-- 表的结构 `t_da_role`
--
-- 创建时间: 2010 年 09 月 14 日 13:24
--

CREATE TABLE IF NOT EXISTS `t_da_role` (
  `ROLE_ID` int(11) NOT NULL AUTO_INCREMENT COMMENT '??????',
  `ROLE_NAME` varchar(30) NOT NULL COMMENT '????',
  `ROLE_DESCRIPTION` varchar(300) NOT NULL COMMENT '????',
  `CREATED_BY` varchar(30) NOT NULL COMMENT '???',
  `CREATED_DATE` datetime NOT NULL COMMENT '????',
  `LASTUPDATED_BY` varchar(30) NOT NULL COMMENT '?????',
  `LASTUPDATED_DATE` datetime NOT NULL COMMENT '??????',
  `ACTIVE_FLAG` char(1) NOT NULL DEFAULT 'N' COMMENT '?????',
  PRIMARY KEY (`ROLE_ID`)
) ENGINE=InnoDB  DEFAULT CHARSET=utf8 COMMENT='?????' AUTO_INCREMENT=6 ;

--
-- 转存表中的数据 `t_da_role`
--

INSERT INTO `t_da_role` (`ROLE_ID`, `ROLE_NAME`, `ROLE_DESCRIPTION`, `CREATED_BY`, `CREATED_DATE`, `LASTUPDATED_BY`, `LASTUPDATED_DATE`, `ACTIVE_FLAG`) VALUES
(1, '系统管理员', '具有所有的后台权限', 'system', '2010-01-01 01:01:00', 'system', '2010-01-01 01:01:00', 'Y'),
(2, '超级用户', '具有基本数据维护和报表权限', 'system', '2010-01-01 01:01:00', 'system', '2010-01-01 01:01:00', 'Y'),
(3, '一般用户', '具有基本数据维护', 'system', '2010-01-01 01:01:00', 'system', '2010-01-01 01:01:00', 'Y'),
(4, '企业会员', '企业用户功能', 'system', '2010-01-01 01:01:00', 'system', '2010-01-01 01:01:00', 'Y'),
(5, '个人会员', '个人用户功能', 'system', '2010-01-01 01:01:00', 'system', '2010-01-01 01:01:00', 'N');

-- --------------------------------------------------------

--
-- 表的结构 `t_da_supplier`
--
-- 创建时间: 2010 年 09 月 14 日 13:24
--

CREATE TABLE IF NOT EXISTS `t_da_supplier` (
  `SUPPLIER_ID` int(11) NOT NULL AUTO_INCREMENT COMMENT '???????',
  `SUPPLIER_NAME` varchar(20) NOT NULL COMMENT '?????',
  `SUPPLIER_CONTACTNAME` varchar(30) NOT NULL COMMENT '???',
  `SUPPLIER_ZIP` varchar(6) NOT NULL COMMENT '????',
  `SUPPLIER_IMAGE` blob NOT NULL COMMENT '??',
  `SUPPLIER_DESCRIPTION` varchar(3000) NOT NULL COMMENT '??',
  `SUPPLIER_FAX` varchar(30) NOT NULL COMMENT '??',
  `SUPPLIER_MOBILE` varchar(30) NOT NULL COMMENT '??',
  `SUPPLIER_TELEPHONE` varchar(30) NOT NULL COMMENT '????',
  `SUPPLIER_ADDRESS` varchar(30) NOT NULL COMMENT '????',
  `SUPPLIER_CERTIFY` blob COMMENT '????',
  `SUPPLIER_QUALIFY` blob COMMENT '????',
  `CITY_ID` int(11) NOT NULL COMMENT '??????',
  `CREATED_BY` varchar(30) NOT NULL COMMENT '???',
  `CREATED_DATE` datetime NOT NULL COMMENT '????',
  `LASTUPDATED_BY` varchar(30) NOT NULL COMMENT '?????',
  `LASTUPDATED_DATE` datetime NOT NULL COMMENT '??????',
  `ACTIVE_FLAG` char(1) NOT NULL COMMENT '?????',
  `USER_ID` int(11) NOT NULL COMMENT '??????',
  PRIMARY KEY (`SUPPLIER_ID`),
  KEY `CITY_ID` (`CITY_ID`),
  KEY `USER_ID` (`USER_ID`)
) ENGINE=InnoDB  DEFAULT CHARSET=utf8 COMMENT='??????????.' AUTO_INCREMENT=2 ;

--
-- 表的关联 `t_da_supplier`:
--   `CITY_ID`
--       `t_da_city` -> `CITY_ID`
--   `USER_ID`
--       `t_da_user` -> `USER_ID`
--

--
-- 转存表中的数据 `t_da_supplier`
--

INSERT INTO `t_da_supplier` (`SUPPLIER_ID`, `SUPPLIER_NAME`, `SUPPLIER_CONTACTNAME`, `SUPPLIER_ZIP`, `SUPPLIER_IMAGE`, `SUPPLIER_DESCRIPTION`, `SUPPLIER_FAX`, `SUPPLIER_MOBILE`, `SUPPLIER_TELEPHONE`, `SUPPLIER_ADDRESS`, `SUPPLIER_CERTIFY`, `SUPPLIER_QUALIFY`, `CITY_ID`, `CREATED_BY`, `CREATED_DATE`, `LASTUPDATED_BY`, `LASTUPDATED_DATE`, `ACTIVE_FLAG`, `USER_ID`) VALUES
(1, '大连鹏程电脑专卖', '大连', '112233', 0x4749463839614001b400f70000000000ffffffdeb3b4f4cacbfce3e4f9ced5c3bcbdcb9ba4b0949cbbb4b6bca4acf0d3ddc4a2aecfb2bedfc1cde8cad6fce3eecb81a3cdbcc4a4949cf0dae5c4b4bcd4c4cce4d4dcf4e2edf9ecf4b9699fb6acb4aea4acd6ccd4a59ca4c98dc49c949c948c94ccc4ccfcf4fcece4eccdc7d8dbd5e7bbb7c7f4f2fcc3c2cdecebf594949c9c9ca4e3e3eda9acc7b7c5e6cfd7dccbe5f1c2cfd19ca4a4ebf5f5f4fcfce1eeeddbe4dfb6c4bbe3ece49ca49cf4fcf4c3cdc1d4ddd2ccd4caecf4eae2ecdcbed0aef4fcece1ecd3d4dcc4ecf4dcf4fce4dcdfc4949484ececd49c9c8cfcfce4d4d4c4dcdcccececdce4e4d4fcfcecf4f4e49c9c9494948cccccc4d4d4ccfcfcf4f4f4ececece4e4e4dcb2ac94faf4dcbcb59cc3bca4ccc4aad4ccb3e4dcc3ece4ccf4ecd4d6c59ab3ac9cfbe8c09c9484a49c8cc4bcacd4ccbcdcd4c4ece4d4e4dcccf4ecdcfcf4e4fcedd3a99a82e3d4bca9a49cbcac94ecdcc4f4e4ccd7c4abdeccb3cab59bbaa48cc4ad94d1bca4bcb4abac9c8cb4a494bcac9cc4b4a4ccbcacd4c4b4dcccbce4d4c4ecdcccf4e4d4fcecdc8e857c9c948ca49c94b4aca4ccc4bcc4bcb4d4ccc4dcd4ccece4dce4dcd4fcf4ecf4ece4c5a68ab69c83d6b69bcdac92bca494c4ac9cccb4a4dcc4b4ecd4c3fce4d4cf997bf5dacbaf9283c4a494ccac9ce5cabca4948cac9c94b4a49cbcaca4c4b4acccbcb4d4c4bcdcccc4ecdcd4e4d4ccf4e4dcfcece4a6887ad5b7abcda3937c635ae7b9a9684a40d5a99bb8978cbca49cc4aca4ccb4ac988b879b7165ad938c887671dcc3bcecd3ccfce3dc3d251fc4a49c987f79ccaca4b79b94f4dbd5c49c93cca49cd5bbb5e5cbc5ca7465be8d84dbd5d4eda59ba68b87dc8f87f8c4bfd4aca8f7b2b0deaaaacda4a4e6bbbac4a4a4ccacacb79c9cac9494bca4a4c4acacccb4b4dcc4c4ecd4d4a49494ac9c9cb4a4a4bcacacccbcbcc4b4b4d4c4c4dcccccecdcdce4d4d4fcececf4e4e49c9494a49c9cccc4c4b3acacd4ccccfcf4f4f4ececece4e4e3dcdca8a4a4fcfcfcf4f4f4ececece4e4e4ccccccc4c4c49c9c9c949494ffffff21f904010000ff002c000000004001b4000008ff00af081c4870dea4830813ce5b388f204167a548498c080ddaae8b171391d2486a97c45dbd48f5f258aa572f3f7dfa90fa63ead4a2968b48b56c79ca54a996114b45dc46aae2ae44154995022a715bc44448c3252aa54863a22953766d8bfa740a52ab18357aacf228122448f5224dba8205cb248393dab0f91a49ac2448911e3d8264f6ca2349780fbafa0ac9559b49ae5c1d7423c98d1bbd5f59b56dcba69563368c5b79e54b79cde2488d1d3f5223f751abce5d23395edc78b31ace9b57395add7995ebd36a5caf4e934695eddbb753a961b5660de5dfbf59a57b7239d22adcae573d66c386a024870b134a67d8d0a1c05246499d5224b123c68b1b9126fff228d14cc89ebb40e1eaa3b3e51f728d4c29ba69aa252e72dd6cded4464a65778b899cb75177035e154e381b29450a5456415555830e3e6591335934e2cc6265cd535624664dd2956f744d420f248fa8225724024d9217607cf90598609310561842895d96592b9061261970be59469a639f81069a64a211a9a35ca899b69a239dc5f69a93b3d5861b6ebaf106227058a6b3c6138ab575dc6dc92dd79c75034527dd41d491299031bdb037147a1665f513812249044d2f77e674524df599820a2a35bd648c4ca56873ca29dd95020d82d07c14dea3dd21c55378db68d48e530e32a8695548fdd4483d8d38924e5c0795450f238f4c52e3572a4e12892368acff46a12491f0c108242fae11d85f7b0d86d76169d5f8e363914dc6a38d406e26a45c448e1619924daab164934f9ea69a23524e99db23bc61e92d24bdadd16524bfdcf64d729e3117c9736a5e81169a68a669dd737ef412519d677897554f48c1a9522fb754048d4a3a6d730a2e7d36e2c7297c28529f38a62cc21429db98d2a89d4e8df7d34f1abd89d4a54a71249e550f3e3532559deef248028d7435d74164c1f5153b32e32a89ab8c30c2461391641185247745a197572eeef5d7cf8509dd4662e30299a38e6b3971ecb09e25091a1b8a35f623b49c9d86ed2ad4ae025b6cb3694be587df7adb1b2b5d966bdbb9aea50b195e789169105ad12dd42e5e8cf8ff71af484be9fb5dc62335ba4d1f7e6452ef1f29216c13a087d6d4c822a760571fe5e188e3b144bd643c5ee7240f78a9c924937ed583538cdea0c6bb98420f1f4cca35895965d5039757abc0a8aa238ca4c2218565497bf38b7d09b6f45f324aa2f45e6c0ffb7463514f1dd967ad2419e42358ebc85869ca762d6d1a609b562d94d99a2d08da6963b9765bc8a1cb1c64f2d0cdee15cf5167bfde7beb2794504b7d97154776ea1c9eee542f63f8e18033b949e552d19e9a54ae149abb57803c179ec1ad2e3c0c1a1da69452ba7690ac74292385339c610e463883111c2a0b16e8a1aaafb4822f93c842131e918a56382112f5280b131ad1085c05263007395e8cffe826341641625c99791a66a2f71b1f4def33a759d6629cc59c2025c96be043526cc6261b6c956f4a8290cc95d257992d11a77d60c391bae4c1c6365e217e02b91f43dc45a6e748a22405d3c6a434060da0708c7340e9432fb6e19136b10917bd60c94c4e818a52300c27fab9c9df84229505fd244ee2e11407a710320f7eb02a1e04598418c4baa5642112a1c2852eb0f0882c40c295897904881c4185193ec21152b39dab1ac107bdecc545aa6ac32ba290bc200a4b4738b2d15ad4872ccd58ad3339d2da129d891ab239228a6a184472c436086d7ad16cb60963247a031c157e6b4b983117bad4d89636ba937e719423fe1c2209790864521251895330d2ff39f10c084f22c1059b84b2305320d2189143454c1c491f5ce8a417da680fc5246232f15c242aa50b99c92e75294d91cc8389e828eab0021eeec88511a8300616dae20c75a443666023d123aae008b8dc2a8658b842141a6198b4fcd0784044da8a9676c4a625f34763e48b139109c56561af58d38396f898149b4108c20e7bb0433607f18b41a4015be0544518ad54ceb29c93386c5067dc8eca0a7bbe918d0271ab3caba3267beac40f1231058252e694f024a20f1a11a4bd4a810bbc42c318a6385c1f18e9273ed4871c8ec4090485b2934484c32a141d0f4637d50e0d86d4a31e2d59ea3aaba9ef482140a9e885317281056378e5426c6184231ae1aa2cff306212ac6043aab040972bac0b583f6d431b02334cf921e68897211652bd85c46439157b597b9e733b23883454576c8280cd2af6501bae8e8236611d2b39cbca5bb5a55315dfd0e65a9fe6cef696698e736c97bbfc100e6384233b8ff24825f1f9a887fac1800635853810e6589a00a272948bac4e1ea893374d612351d90546259c414f921642a0f568289f32baefcca74db718c65c58910b7af0762f9060842a52b10a3ec8e165c6c96959e8b7a2e00e5730c91b1e519bd716e54626a97c69ae669e9b3d754df3335f00442634515d555c137c69f06a2004b10a41883516ddcc16786f234e207fc5ac9018118f9ed08a72c12d8d466eab1bdb383f79cecbff8d5830ca4e28260ebf666ca2fb13ca204f620c962cec60a9a80fa0b8e1a7972c621180688f298ca1390289ec2a99ca646751e7c90c6b78d223c3881414618c4ee3021d6131c52428744448a861118d4045229490aa4938662c6489028d5fe1d31f0e1757c903560b15d3a5cc14a715ac8084d4947abbed4d5748a491ee233411be56a822147fa8ae2002a109ac62150f82c8f61eb2ac0ada8035376204b20a792be62692f96deb54627bddc92e370fa46e6ebc829c27829d7e6d84bfa4b8ef5306291436fdc10f078e2820b871283f98a21b3571dca16e428a089aa25f4d81ca454f96c99175d6c21d056d482f9c718c90c21802d5c630c2b88a3fd0c37670ff514ca029aa889842220a50b0425d7e55eb5df5ea15f2036e517fa444cc047bd85ff1cdaf8f0d1a1b4db115b439cd5703f10763cc611071b8c31ee620084d5402db51b6831d06d16d6f6f5915ca808c97cbc28e15d2e3ece506d713d4609be470e6a8ed5c371bdbdd90bacf9320ee9c879c11648accf6a74048d1c97c48c11dce190371a738302a687228c7de24c192fc434e10b4bf7a3f88c215fd2054261dca0b6770b41cbf4a46b6810b6d945ee49b60432670c142b6b462158dfc89144c313c49c4fcdd78a1b57081b8b4211ad7883c865e7122f173e02893e89d313a66d490866807221382c0442f2c0688406c020fa0a8841d2a010a3d685d13b1d876ffd7bffaf5b08f134b64373bda2bf3842fc18d59ea963b1ce358a679e1c59ef1cb874e12956f3a91a21d213179839228f6d207a6f007b6d2487cc027a9c007a9c627dab080ed311ffb57148f4271a5b33a1bc75195567117b76197172020870dc6800998100b843008b8100b62e10a2ee308192105a52009b4f61c562010f2a37b37265cb8424c74a3733bb73dc3577cbf717c9a713dc9b73d8f506507d40ba0400a6a800979e007bed069a0e0077fd026a08009a040097b400858257e56467ed9a20c6d315e7c810565c70e4e807669172e5fa20a7123378b217ff0447f6a223ff8270ff5201308522975d21d78251293521288a5131ca15a8f730a0bb378a8ff1008dbe180e3300e8b300e95c30d39f1707fc81d29837914956f4ad10e9d34699b32321b5871250351b8900bb8d08a9ab00984f007b92008bad00aafe0156ad011a42005674083931073b767053f1844c3c52b93e0837483186cd36ba2318490c0834a451cc636645284436ab0097f1008a5b00b888008bed00b85700b7b6006dbd807798009b0600c99000aa030077a806d83b00777906db4f155dfb6626cf0524056766ae8864d641c60123e90c15e727787d041573818576d54058ae0074d5129e1e0071ad13974120eedb00d3c31599475578ec4580d880aa900080d680a7c200e96d82711418143b11420743a15c579929671a868151757710de21120ffb78ab8300cc6500c82400880b082a6d01532c3063fa1048a4083386705316705c2f82b3a285cc3758c3956444cd36b3d477ccf08746a976cc82717cc110853d677e8d18da53007843007e9e80b7d000ab78009b7000b95a00759955551e7555e648fd9920af9082ec0c18fece08f9501906d8766985187725737f2857bf5c446f8f00ee1409609328047419611d10be1c038217180bd7030a5c01ef5c1487fd0088c740a11b8780b2707f5e130e3506794b75799844134e9591f333ab4898ab87915fdd167acd86999806581e007ba900844930e8071944a50184bd9944f997bc4f817c2f50a55791041d73459e9156dc095e0e295d4282485100869501378ff8511a670066c800aac20968180097e50097b90097aa0079680077489075a17078210257a991b91900e2f451967c78f2b34a0ffd83e3e1677ec263f8b49630ac946902013fb9308f3b10d12792f6f9228f5811d04a313b85013dad01290089280400e074639f50170f4210e0ee3310e42611296492d798ab7991407a2511575a31fa70dc6700b25180bd90670e1d01792106c93301e4aa00486219d4eb9a439981669019dae209df26395e0322ec3477cd849544ac59d4878845625507f9085c430a6c4500fdab0058c030bbe700bd997077830077990079570097b900796b00983e0457a7a8fbee39fbf316ea632a06f1809ed932ec5217ff1333f75a4876fff250959100e39313a4611121a3129f602a942d177a7600c0b16921f0a2894c530a7d08091139a42c11d05931d363a5231ea59b4298a18c91496959bfd821d9dc626aaa50b5d0570edf08cb8c20e9390118aa022aff00accd99c33f2a4346218f2333c7b212e575a1c7e216c83398dad900a72e10b9e018681800bdcb00bd8410ac4e08d88b009aec00698a0077e400ce28a09996082e95a0979f08eb7a0074c26569be06dabc19f5a622c8800a86467626907176e23876fd77388aa9879a887f1460a784591f95412949a8801b814db600ca8f007195b318bc7500b680aa98006a870608c8506926413db7020dbc01d18e939111293e2f18117775f3701727eff530a16f981212532dba05a20c726c6a009bb8a0a52d00ad2b10b6690086740acc6baa44c697bc92a5c088163cd8a18e262a5570a09ddb8b55bab4c66e00bbeb00abec00683300bd92408e3d00d17110e18e10bc2200c91e005b75007beb00bc4000bb3300bbe400cb5400c6d0a0a79f0077b30658ed07565631bbe136c88c017ff4a76652722025b84c871b0872a7f0abba8f7b76e91990880b811a5f00798600af602b1f4365806070807d80703169aa680068d550a90930a35d1600dc6a996ca13fe849b9da5511c1552908a85b910bc7fe050d891b335993117db8ab90097b720b4ab0070a7851493f00aae80b4a4b0b44a79ac50b0bdce29b57ae17bc9ff087c585b1cace0176de0086d712be8b43d6c00b65d1108bed00a84f00bdd000ee2400c52010dc2d0b7c4900b9350089bb0b7646a0cbbe00bb5d0b7b0c08e01030d7790b70eecc07bd99f5acbb82a542aaae24ab0d4167051a8d8137f96bb370ccb6677341495c211870208612a131cd10785b77f3a618980f227a5001fa8c008e60028205baa317c0ae3d02718892005e3572fbbb3b5695907520a7eb08abaa09e6289c23671203aab110fa611ea980b99d069afa8067f000815b70ba8b00b8da2042ae2064bb9a457f0b4be281d54fb7b28b68c43d816c1d6066670258b2b8d9871528c700abe90068c7006b3900adbf007ca6082a0a009770b0ac440084bff930761400878a0a6c4e0b6fb0bb6be500abe000a99b007a680b8a8003ef76886c196087c2105805a2aa622b90149b9754837eba6a8d6113fb0bc6e2c0cc5a2180ea730659ba0098130117a650c19692f81b3308e870aa4a9b17fb2087ca050da119a84f5077c52130db792b9eb811f785f0614bc4bac0cd926089b2008ca1008ba900b7ea308322b29fa741299900b3b1a0a83108b8010bde2b18de6a1043f43c66ee0b44b0a05699c106b3c8c6dcc6397d1258ab10b90200706ad0890a004d2c51c2d63b6ad400cdc30b292c79e80300bb5200c97fc086db00677207d886cc0c2000d608bd163da13b0800778009eb3601badb0af88abc18c6b6265313ba6ff3c6e7c41a85626876203249781a889da2eb12c777a55a3a2f8b9dc3c089b306503326f1859143a618006670a7e4039aab00868900aa4f0272d81c37c82b29497b2b1c94115871ddb607ab2a80bdadc55ddb409bfb009ddfccd80a0ce297bbc4fd16956d167d2770bc8b00a2a1808f0cc3a2041cf5060cff8ec94faac6b530bbe785144cf0ad08b21d0cfd8427cf104767c23d83a0b7c50d1df700acbf06f7760079aa009d26711a5800563d006703030c4a0b7915c0a636ab777d207a1600794f0c7b73108d2c2af5fb10861c68f6702a8372d5685b9d370270f4e69dc4b3a77ae8c778d29777c30d7391b99d6d74d76c0cdfda76f115429da80998cd4998cff940aaa10c3a8899a0a44684f4d0ac4ab5103d21d408c0bb208088090cd78da4d84908283300a48bd09df1c08285cbca4d831b8406f6c52c8841008b9e0d75d7c117d7405877dcf85adcffb1c44aed0ac3556a5e30bd9c6a45496d1c1c9f2196c2008e61009af002e6a2096ca600cd0c0aed090099380076e700779400cbde00bb340a6753b3029e107a25009afe81ab66107aaa1db5f410fbe2d1d805a6e383ddc6ab01c6d91dc4e2bc275d5dcebc608386b599d751380f093f58da7a3100bff976f4bd1779214110e8550a3fa07baa00baa409aa8900b52ad40a5f012362131f71232559e082017bcf16de2694ddff55ddfabb00cf7cd55dd1c0be1ec50c6ff2b1e88830b53b069aa350cd596e544fbd7186106ed00b5645cd84ee99c09315c7423a1155e5458db3cbc018d1a1e095f5b459f1109a7a10ae8c0066e6e13a4300ea480081671b7b0200862700758100698bcda641ac994bcb7a0908e847055d5bd24fc692c448e05177126b373ca6c215656e6764b7e549a6e0573372f3828e5eb560ff415dd0d697d7f4e0871f0e79ac0133cf1700d267952ad1f208b52a820b2579dcc33e1501bf99a3dfbb907bedfdffcefdeacd6ed5cee7f3ee848edcde0ece6384b5a1c51828117daa1100a9aa0abb9200594aee0a42009c248c6c76ad8fa4c6b6a2c23892007a17eb5e44b7c6c039d5c6919a99e4c9bf17adffc40dbffb0b7a650c906040b7d80bfb14007957007787008c21eec63ea0b72090bb5300b981007e35736bd632cbdedecbbf0dbe614dcd9a6d373686485cd46da3e7f6fe6eded35d4562e138130f08550f6653f08854008cae007fb2e0e46a1a980f20768000820890aca900a8fd8e6ce7cb1edd1481d0908da8cd4dd24f8ddbccdddfc0bbf200803df0ac05008c0000c84b00cf51d076bad0ccaa00b286c5f9e4531c60015c6100bb160829960f9a660f11a640648db283157186ed0f1862d0930281d6d20f224efaccc03d0bcb68cac009dec87ea637b8451a60bc500089a500ae01027bb80853ee18da8000bb0c0f37b8009224dc91581ebb7200a782b0c9a90095cffd76ddfd6f4ff0909ec5076cf6ee42a84e4b8a15e6263a89190f5c6bded75e4d36c945808d2592b31f6e76ef6ac60f6660f108332f92165aa944153b84c9902742a95ae547c52a542b5c8d49f53a84cf92955aacf9f40aa06ad5a46a8152194280509526527902e5d819429fb356810a14239739e44396ad9a05f2b63e9ca846b5bbb4449936e23358594a64d9a6e610ab5299014ac52929232b36b17345250ac4872e3469215b469ad4091d4b5cd24b893da989594488e244951e44282b4660d1f5f6c220d665598952f44bb102d668cc8d763c8be664dae3579f22955a9b4692ca558d8e75aa06b55f6250c0080cfc41e13cb04ebd62c61b042d95195268dff23476954658e948e2f2476ecb0788d5b1ccb717abf23edde3d72d52a358f5a098ea436ad3c2bf2e45de1deddbb24ede1c5cb93548a29a944484b011274934ea1c2f0d71432e437fe2641c63cf63186111020534ec90895544ef9e38f83fcf8c30f5c4e690fa542d8808f153608d144215ca628a59d8e4c1946176536b9492756720206a56546010abfa100c1a59470929a62ab188dc14f13638c0925965cfac16aaba4bc024b2cb25e390bad7bd4aa4b91541a69a4c9271961240d2aa464c44954f8d012b24858e9d2b0485c91cb89dffa1a8c0d365a89440d9bfec84413410864e51b544e6985945d1241a4176240f18318332ab1c31250609b25b2d28481ff4693426b3125935004b18d11cb2643acb1c4bcd274534d19836439e69e7b2ebae9061b4f2dedbce34e922bc01b4f3cb4e461a4a318496987a10781c9690d56ea33c41056d630c495365c71a5af425a39a910935a01465942065105155dfe0044c1030341a9955d21716593511a19449144c269e75c741559e80f417435ac446651b4e9974d9479e90f6dcc456a46f47ad1e4df5c6e31e6c352faf1512ba5ba02eb2cb6ca4aeb9e24d17a2491578a8b0b2f49d8c24bae6379f56595c1082bac4b31db68430e44f85a2364c15a09aa964c046102159a7151c52b5248d1059450f0b8051450fc99051658eee0c5d0c888f94c475c42830693986fcb6d37469489ffa44c7a8e23cee2e326412eb9e5585245d4e7a453339253630d0fe3565975f5d5f1b0e0889470146947114002890342c37cfd55d8618d25d6d8628ff5d65848280c6410407201042440445c3627433829c49553d2482fbd29ce9502dd5b95c1e95d78795a65de7a5fcac5946dcc9d825f52fcc8c471565069e4964cb03a18bd44f0dcc50c528e24cb8d8721464b8944dca8b8b83630d658128efb32c3cb90c1ec1212b84ec61451ca66018415465051469c70a0394593385c19c4184c04514613446ab143503d428b0c11683e938d18d8a0b9459358d8666aaa60442a7af39bac0d6717939807d7e0829cc431676c647b847406639debac0d63ac6a9576de06ffb72b74846ee862c84d70322161094b70842b560be5f21693ad90158450462e94f1877f810b423961452c58a29429d80d5dfa6a873850b1b860f98557f1e1c94f46412f410422100d31067a5ed73b529402137fc885151cb10847f44277525044ced0d3955d90827863298b58ac00b18829c12ccb2b6093a4841b4758a91168581985a0351d30b102123044595f5616b256a84217a610c62c40a10c7528c311ae28043b26118954f88214b880451f7661075fd4e20e9a78c52584510b44294d18bd784cff8c218a4048cd11cc49c52352c617e128d0625bf31a1692c30ab14d7054ca3a1b0663951d0f76076370839b298c110e68b6430aa5581c4a24944425ff0e2b7031149cc99827b8c210a25e9ab0830977c8895814420d9a28a234dbd1b973d54911e308d02680c18a8ed9472729f9c92036913a5d9c225f32da4a2ffa938b48e4f114884884147ca48833f42e1166e80a292681162894e54870c4285e96171757d005636ee0d81a9a581234f951596b20e42d0fd92597ada269bed8842a96f1a951d0e40fd048a34788010d62fc21949b88031d0471caa495060090719a3286910641e09139cab0652214715545b8c32bee90833bb89a085efab22f12a420312f9841ed20d3836ceb607850359e47f8211c3042177b46540825aaec58dde4d80abdd95757cc67102ab2494a4e040c4e70e289a890033c9cb1812bbc13ff5d99219f2944274831750c5e8500c68952e44ff7294317b9c0458c12013b521803179938451418e1088662451c57dd865284d4868e9a0549c6438b47c504d236bce2156521e95e58613a512da3248458052104c9179441f40cc803eba176318b5a4c6f194ea0833c2221d36d6823177ee8451f60f153a5c14c0f8660c3646071285fa8e633f10da5306e11cb34a4426abac98c2d1188854978a5810c9c442316f8c0e38c3554a2321b7598391ebcb46a55cc549b76b0d011ba22850f7a238484f2aab2c305f6376be08bb1e4923dc119825b296171623961875194420a91c04216da8185d721a51d82609d839621c849944c89f03a1121faf9cf99e8c2451bff3aad5252bb5a4da801acb195823bc8588a9c51f42b6d104bc332869600180f0ac27dc521021c1791626c1290e043e2d2c4139e18d924c1126421fbf284489854a6bdb8452d8831087640621de96005544fd10b05f9c11840dd45a2a0010d3c24217e8420069f88a14afa8e261498c00d2356811b5afa17970026ce80e7618003f752acccf90605a5e3e0076bf03b1446265a4208237d2565716a00a45f54c62b5e254b0d27a4335f0b672c0a7596c58470f1283491086700180b48a1023cbf30ab71e8a215c19a043bda30484312b9c836c18ffba6f80753c4e88abd53ad1f34a18a53b0e211bbc08a22a6a9082c9b61a2d068de5a86e746888df4578608f0ffa6f46d5bafa48c4269da16208fcb0a4498c1648d6882caf0bc8655a80210bdc0442d0ac11779dcc1b9a4d546151f2d54c4246a158f01052fcc70de4c10031689f2c52e7a119a3c64020db7915aa819c3a95dbc4ee85348f57156bd1bb2ada282ea0859ac91b941b77910566a8bd539c4d19176b86ed71e4e6289e2601341e44d8a9b60315e57b8c2607376d9a318c52672318e2c00d809f048cab9d400088da06210ad20715c8a15ee9d14f927ffb4cabd4cc1bb1925a50f9840054812b78a4684838c64c4375728da8b7eb3d10d6e048f15da20063118a20e8678c52eb00797349305b68135cc392a349dd1a9c1178d909293f688062d2de20f979ec5d1feffd008033022e252cc1b2e54438cd07c46f9a529c5684e997c3fa726bea1b9851dd2a00ca8827a37b5bc25241258eab834620a71313a1620c11ce794ed114cbf60dad4cac155e1053bd9c1e0fcb37361f261c5738218365e4b04f695f88fc7c9843f980840f8855f0006433886b35b03d6e32c6563b151b0836d7804489036273000777086eb4b053ff80542b8a7dfaa98c219321339099b00ad5810add5c1b226e317f6610426b00254a0020bc40a39908233e8852c33037e7b85de2a928c819e173284e03a84d2c39e62390441f0835628b35758bd256283f38a0462da36c418a46f1b314402044c200641b01042108e43210656500335700463b8b4e3438cffcf60a5c790bec8982fd6e005fbda845f4883901820dee8be5ee225029b07415435f34b3fb25116f6431b63521bf86b9bceebbc458c954558047389a629e0bf0eab10f7a11929223e3f10902dd285410843113cbbfa800f08e4047e6a3b636805487002a3a387bd530565688f922884b7609e207385fa281d145111fc48324d380563e805206ab273e92dbe00996922236de8416808a92e834237c8c549308bb240c2247c217c728348200b499042c3208668583836f092c718a4bde0c2c1e88f6568854ce88551980445d80581e011369005528006a261439a538dd2a805afa0af7f3486fea9c5db1804edcb8ce7f23ea3034441dc85412c3f485885564bbaff565087443c26eb100f65ea8ef9b3bf45948777e00345982bd34a8441e03535680f65399d4ebc88030189280241ca119c410aacb42b3294402c3b300642200c23cb0c9848896b3abd0103acb4e3a77931b72912a85290912b6a0778a002b4880248280546a082c93323de318356a08bb230045c7c8bec701e32db8545109053d0123ec03d2d91835d3816c3b88568d8064e4093eff285608104c5d89e38ac0ccb180456808748204c4950855b10807a408666680650382f4c83433aa42f55bab43e800d6208044650054788aa59da3e88c314c5003a4d69208abc488c4cc4ea10c90cca8e8fe48eb4eac890541b3e8011f2d99c956cc90e2331e52084280a84fff61885b2e3a1fa40bbf880c07841a75ff8864c481197018648a8104ee016209b04ee48ca5dd427b53332a040c09998a25cf8036390cad33a9744b882b1808453280547c80a5348846d30c644800655a8464978054308035c24125b930402102e37d8056b4cbd709c4b64f89456209a66880634899048800f46003795710cc1601f40f0a75f50835b6883479004cc58056dc085557085c7844c7e4c8d4ba3b9a491becc140652d00d404805cf0c4d5a6c487ac8a5c410c4066aa05d6804044bb0a41b95f50b99ea8844ec200f55712bd7442bed3005395084dc4c8f76780e41600307149c254a9665332c9d5021622916bfd0091e820fe0e45209414532f596ffb898075601292dd5099e603ba058097bd185c62388cd59b776788746b88b55e08347983c1d4c845ea02852d0c6cffb95437003f58c95699086b218ae44808b55e00401c58bb2c89e3458385a208648180534419393589d55588434800435580c5588844988b958089361388559b0197640857490045758855c98065b9085c7ec85fcf13336a44362683455022a68180d68003549c90dfe4a05df048eaee1a54194c82035bf21553a0b3a9348a4bff0b8825399cd91d40e7a588452982dd04983d3810f9d5ca2cd52c516db960931b16fdbd27a7505c340c5f8300c123331b8f00e384536224391d3090aa76c1c82b095779aca7ab0822660844540057ac3aaff6dc03768c885e01ab89269d4b1384b28600b273005e5f9a86b1c42bcd00b5748992e59854d588655988e3763033f211648580c355803c4988758e8852ff03ed5708c4060cfe33ab4568859606d865be8854602aa4b432a7fbc4cde5314dcb08dfd12cddfb024b8b0d688243f08dad60a3a9bb31a49b511575869d2fa430b531087b5454fa4b009ae231d324d2c94d89b9430cedf72029d2c91c2c8ac2d05b6c2f08bbfc2ce2b9887ee40318225b29380d965f80555082df1c4853e60d8a16ba89079925d50027c9ba6a83c843638846358c0469d0401f884e6c18b8e928436982834d2948343b8d25c830a898650c8c4376385956c83456028be708c7a6405ff5560852b08015ff00641d3044c688565e8066dd0066f48876548da5bb885d8e0c7a72556364c2f36848d3ee039ab8d8c59f00aa5903c29f00acac3aa5dc02afd4b0eb0edd6b135a624dd0e9074bf6fb50246308871b01ba5480335b8a6cddaac423806bfa0034e88039f283b7c62a02bf8366009dcd3439c32391c6b345cc3ed8ea494a1cd4a89145c89288a0917e108d011baa420233d61a8cd350fe511bdd1fbdc8c7905026854e7190b4970824458835720168ed98533809eb7d08b36480c48280455505e5d39470939475400e2de4584c1408c496005e2081376888458880576680562cc85669085a445863e43065058b45d38a5ecbd5e622005e41386ff41d82f9ea3a569a587b810301ef551afa507f61dd2b03552b4adb0588bdffa9507d64957213a97574b539de0045d39066629e038234e7a6529ecdc457f05d8bdd82be0280e1e5d1541bc8281b58f1281967e022d7353325cf083a34097cac50a25500c68288553b8aa6b3c864f2884432096e172034a6a5446180b2890072888041a4e8749a88641a085794cdf4920038330991f363de6ca045df9ae56e004889bbdb758e24f31035f6887eb4a00b8f0924920b162880542f80554c8067090046f6806584086d02886627c343266c35d9039eb8506d8e0b94ff34cfeca0cac91b6ade9d17928baaf15154720d25279dffaf3485aabdfec30496dd886284517ff47f823ce72b117234e575c83412884c262b16d13134e36a425121c8b39e9362ddc5529dcecd94ec3e8ac93381d72b3d39768084cc8b0731161ac3803213185456084fc5c40237405e19a0b373804a4261eb6a0bf27a06148501e660eb01dc60b3620c2885b036d39da5d180c517d84c03519e1b3c09b4db948988548b8024798844dc88235380648280693f8055d888469980464700dec5ada4533063276da9fea055878b45ec02e3c12203e4c857ff61a40642082162b833e68f5a38e232d573ea6df3fb602ba8a267451960a310966531142f80335410769d9847232216ee1163131dc20ab0f303516767805ad3d3d8ba9600b2e0e7630167cf5ec7e82a2ff84252d9c061dcfd10a5840342e9b044635991b0e0657880257406a24a48b5eb602584c049f56662895cb449844ee56e688d3d764b9a70638e26238c74152e235588c4688045f486b4458844940075a308441788236e8a15850966f3092bb5e5681c1056165da5a7834020ff05e3028fef9b455600550b3d126214dd3d414e3706c052f2bb1bdecb3240fcbfe56ed40035ad1ec2a85969ed804393885fc3d97413e1765a0331ef21641cc6d60013693fe2dbf9b60c2bded814d4ecee289142cb7e0d404d23265e1469786d28a9f3a0449001ce14242e8968669d8834e80ee21ece5b370ea495d1e1dc60b8d2129de850f68a18373688540e0dbc5700233bf59ff44a09e5de0032cf8829a738636388648702e576885581005565087552806301e8d61c00581e9055038a503176ca0d1eb61e09faac58de8e867c4f60d87dc5a899ce3819e70f63d68dc6030f7fde33ea63a879607f32022747984ce1e458b908376900372a0877e70871b009d70c01efb30e920f3e4c0191c944e69db7e53c4d5d7d211f12343d8a118ad05699d21f79c32da057c5a83245883923d6aa40e8643e88428c0542454b3ab9c0425786a240cb2000b1e57801e486084004b8456b8864ae80540702e6250076860ef4450c7d5e55d0a89844460842cf894c470842bb04036b86f8e56867458052b2846610085581886a958da530205020705839a5eff4c28067c7e0edc6885aaa5a5c42e384a9f072c18b058ac488bcf746e0d1975e074a7736854210771b8d8cff99c5b69053558051e23723e10c47670067c001d45180407947157080ec4e1955f111cad8d644e4e695549fa5d24d81304e57941c0e054b205096ed0a9b76f1b05fa18c26c846ed08d02b240c290953f2b00072cd8f6326b8361f97649588549b85f5328bd78870e53f8a912e9d908c5ab3648ef5bea92268e845398042708b0c430003569039b998e5fb0f361180d5df8854c5086513006ea9d85033ff0e99dde81d105c9286c35b88d44dabeff02308eef7890f71af6750e61ca63855ee8945779b5684f19b39b977f043454053e807971c082ffc245977e20219c1096e7fa2dc409dcd7aeed395e7a4e4e7a2ddd5762ea89a8a769aa370851079d862a0bb63384b32812e86e836078859825833e20ae28908663400b36387b48208b6f239634721e8fca93e27f172bec83314f6f02fd3633c8b34900085fbe22b922344f4da45d027d319a04291d2b569106fdca540bd9b0659a022133d6ab56ad5bb77a89140912e42c5f8e1ea549e348559a55aa66a68264939e2347f1a8ecda35ef27d09f932661c1428f1e24993255ad6afae8512b75912259a96af5aa15795ab7729587f52bd8aa8d4c9512a748919476ed14396a94404a3fb58eb010e5a7b65d5a5385d6b05ac3778d2b57ec2605761531a221c08187ff4e127a05e815495726cf63ccaeb0e188850a016b4588d0b255147f0912a44c592040b9c82abaeb5aed15289c46116a03054a5570d60eb579f5aa14ae549124b97123c98a346aeb263dc1a24449a244667a528f9e087aa29e890a1f8ee897d52a5fbb5c4d4ac5175223440a534d5af588d0d4558e103d9a0aa954039bea96cd2a360c1938b1e832cc30c60833cb2dc61823d282980c53cc2cb320e2887c2db5f4124d3641420f3b5550e75350411165145233cdf40d85ee3da28e54ea8465555731be386356a888238e3bee48b1a3148c30624f3feea8f54816904c92053c78b9930a2b85f4b546626b4012d8158405e61d2b894dd9066343fd34d9649255d6ff651b571eb69967a08d32ca2f9b6c529a69a9fd814b29a5bc76572457d0c189939048424b556e28a2ca2193f4d2471f7eb0e10771c69187851550602185139258ea866faf4c62a924b711b70b2a654272985f7e21c24644aeb4b1482fa4b0010922be9cd24a2ba0a4630a34eeb5a2861a803c310f2e7b50e30a24befca28928c3b0a28c26b164624c2d242598a0319884f2604ae0e4e488852e9958d34d454dd253635f52265451484162a2894db9c762242ed218e35634bea8553ca78c638a1c38f6d38f3d7c7080175ea8449245164745d28820ac00e3246089b15298506676e79721e479390f981d0fa5a9958119a219679d79b6cc28830cf2669cbaa8f6ff871fdbdc298501f2104287216d70c24a35d54c62c52aa68c7208219820baca246eb4e2862eb75901e9153b480105a79882cc29d5966a2a2a5fde957a98c693ac61c629ccb1a146209410d2ca20ab08a20a45bdf001c93c9c3c036b2bbfc4224a28e96ce22c26c850bba082c684e26031ca2c03ccb6dd62a80ab890b0232e63218a98ae4deccee4ee8a2dda4baf57f682c55523a770338e3d72e4e8ce226db5138e22a838528f8683a441ebc3134fe9d794ae8c2932c9591a92b1c69071fc985063863cb266c038ff192129affc266a2ee7828b1fa584a3565ab0b502cc1ac641b28634b9082049149350f3ca21986092f12451f8a5c92a6f1c536e559e1297ffe9a696eabf751b46d5b552756d628c710224d8508a3378866dbc0285ca54a606500c830df33084e412b80965884214e988452c3491090261c2181d319c09afa5894d8c02186cc849b7d26022656868725d2a17984244147569ee1b9c8397bc66043ad16125745ed10a2ac8b18845d82375ee904324d8800a5c886311ba5086204ea18a6f70663311e9dd7916331491f1c58b85484cc606d3181c02658d43295360a044b2ce7c6615d263992002a10b4de40266a5e8de5daab436e3488249d4b0c50e26338960bcc21580088418d73088540cc20962bb0726f3c729fe612d6b9218a34dfec28af115700d5c9a0402c7278852b4820d8f00841a9a12cb557c83ff10b488446568918e518d4219b128c624fe268a580c2359c3089c0991818c6b5db185ac8061b7665843ba74c95cc86ba35132c72e1f3a055e54f99c8cee75c471d2eb11e648223c98d8443e44a215aad05729b4a18dd310c2795e0ccc655c2125315a89649bf9e7c45475c3e4dd1033126b1e30ea18c141c02910a939851f79b4a379c8635757c042144a41184e50e3195e71452c3af10ab60574128268452e0a11854560329391aa5aa608a93f37bc91584fe25d294f89080dad2112be60831944b30a44ac420d8e80462bd2108949d4030b3661052194318b58b462197fab4531fc338c6b1d0e19147c90b1ea19c3967c2b5cd45ce3f17288ae6cae4b7329ffea1c8b4447afb09013745cb1022352e1167290031e4dec1adb52918a5ffc6210ce03062b8e811991f56e3095b9129a4ae6bc92deb05c376c0366e3d81787d10a7aa2595943f578bdec49340157f08c24e846d3327da20de99bcc270ee19b4c6cc215cb70ad1b96e106abb4347f59b39a6ffca7bf5db4826b5f1b5f447c81088ded34949150041b18d18a47a8c1174dd985295ae1885d20c219f318952b0af18b5960631d56956a7f0844a050b01714d72a86b196412b6892752634dc10e5ca95d673550673e9e8e10f3d27d7ae10312b5501dd3c18510e032420017d85071f4ad58aa62c63199f719262c518479b50e9b1fa6cd261135a4f030e5479648ae3ffd7362362427c9634a651862e7431da3ff2e80a6a68c52739569c3618e21885184a27a28029d9a6e2154e320e248f63859606c0b79bcc9470a1b00849986217680825010508b6a19801127240ee4f11310847a4a214f25183328c2a11469843114359037f62b18b351863bcb1084532d4bbd55ac08240c5e0c526e4fbcc684a13bf67854cc7b099cd48688e29dd645110e745e0021b382b31ca8223cea160b724001e1a1a5593bc98a5c57069b1bd630cf0baf83ce8ada19a6eac2c1ca33447cfa68c34bf404d6aae670cb4ece80a36db94b98af3875d90a2145690c421d077884300431786d86514b2869b25072000f788d46f33f50ae14a423aafe0c32eceffa0cfe3223722a7748873a378b63458c25d3269c51f1ec186b1908214530286003c318a57400218bf48463330a2e7adbe5713caf8c5e22a54df0c19ba72d64cf48890c268b7368556902662bdea45694bd3ab1e3979c73b0cc06047e49358df09e862348619c54ca24a562aa39338a32642a8b1b29535a8c4549ca616b34c8f80985329789d0079b832328f914c710851ec3e50ed1557a0c5b279d38b5eecf6d896aa4a4baf8ded4641d97f96924e79964bcaf3803a55070ca544d8a0f6471083186d1b842a60d10b38b4021de3f00529123109565ce319b4b80224a0c10b51cc8217c930a67af39cd558207c19ac2034c3e9915f44770c79987327bb6ce714ffb816f8ae1b2f628ceaf10874ec24e48d188c91160bc7b0854c9f8b516499466646cea06c13ad3671fa2ebb7a59ebfc33151ecd06f528633af1fa0a6c6845958e8e744be98215ada8d42ba2f0895794a94ec5c14dd6b0dedbad1b27a6dc96c47496572ab49bfd8d6857f7f1abeb8b08c20216d068e7d97c918879b8621496f8bb31781121c20f3e19c918a1ff89022c14432c6c02c201c32a5808bb808be41ddac3a915e6acc22f509c8a4445a409d1a47dde55dc953c644124384315ec043f184997140666dddc629107a7bc5c77c8dc286c422b7889cd91c9eef9c53fa5c9ef81561ec9096949411658018e0d0516b842c7148731b0021b0c024c91422ba4ff4271b801f611076f05c05b48c1734887194cc72e64e17524021f588a194c42ec25062aa80775200222984122e45d2220414f204214d18a1cfa023134452668022ca81dadfc4129c8c32470022d58822bc0c22fc1822820c3e0158328f8dfe1c10256195c612d0338cc840c9595a1894b889c0b16cc435164132d7d03bbbc1554c44be7599a067e85565c053ed0433dd40308c68323a0e0189560c915c6a6c8832468ca957cc76644cf2028837eb95cfcd0e0eaf12267e0e028c481ca08821d38541fb186145cc167580a3590c03a84c9cf40c12bf8c11a24dba51c42c3348a715485ff609db55ddb4c59cd211887fe1087188e9b5fa4012398888f3802af18ff15b7a8022340422b7cc369f89200a4c42aa042201082daf10a264043431c032dd842324c03282cc22dc8420066550789423180c434809001ca974054224d1449b8481e27e643506041154c811c08213f7e830f990837a9c153b402299ea24d6ee01159c12ab2a22b56c10cfe64ebb9c23a6c45957c983ff9622cf88ec7a0e0ca9d091df95e04b50c20109f14cc431410822460c13a48c23c48466448c61b18c2661c831b44861bf8411f98c1a58ca3d529d93d9ca393ed8f6fb0e36d500da6c0d1f88d1d5f844d008dcf24e4cd6908488ce9c22c944337cc022814021b7cc00780c22650c2344c832868c2464e4331d84207f1c28328620739e249d4428444ff8840b04b5ec10a1a7ec814a4a66aaee62e0c055234c54b9e08853cc58ad4a45cdd242a1e58e8640527b2a23338c3ab0165092ec6563c56a8895842bd6052360665d8dceac1e3718a5885d55af0c91834ce432b40c2158c436378a522b9821ba8411f9042201487154c025af6411b8863141e47d669dd4bc9e52bd0a5a7608a954489949052aa9c525f4e02387cc3adc542360c6836e88205f80232148332c9820644802216c3468a022f1cc034204b07c9023360246726034864d546c6c2c18d9775d123b85013e5255a6afe845144022dd19289a4083a3c8580e1e64deea6555c143d64413d8089701614600cc527118658a2cc2948812220dcdfc460cb55ffc63accc3729c58acc951ef291461b5cc6a94823b7c9741b447935ec1357aa5a59045bd0d4755ac01a2a0c25a1e87b42d59d63919706d5b5dfed67d02467e9e1c2470096641c23aa483b19c468c11683c9c83fe15c300ea0226e0a12d801008f5022844a62670a62c0c6031f81f31d482ff79280829c32644c8282c830c956603e250e54d86014c813da86852b4cd049ac839704e6d5e208dc6aa4e72a23eec68735616c8942060d41c6138cc20a045290042f40802f86ccc973c29aa19943116429a1082324e0f6aa0424449a3435046987c92644cc223988261900278aa810d9c4129640f21b1251440219b6e5f7d0257a7d4e5a5509f2ba0a1bcceabbcbeffa17af84284f8a92e14a833a0c3666a822610c35459c234d80233780208f54733fc520725832c246207d582e17510a6c642841860e3fd422a1c8589eed715e0c364a4e66314056cae6a28ae428cbeaaacae2c8cf466c7ac03cc0aa761a80a6634c928a042299cc22f3c0f30f0d3243429d0bed173ba42ce8158677d86caf49c2ee002593002546d0a9858ca2370c0222ca924a0811b188226b8422090419d9c813190c2b61547a7c46724c0c5bff4c38e5c21164e87193cc773d825bc16c6ee60192b9c6063b08340f4829f7a432cb82232142848e8422c8066081503333043c2ce82285866288802283483211e1e481cde457ae83418aea61256a7b2015178ff49c7e0033ec8c315d8c31478d74fa4aac9b28babce28cbae2c3ee40316549e930a27d89809216c4229e442a001546521eb8915c6f074cd942ed49b8816f14d0256e212654806166480394042145cc179c2521bac421fd4c90285ad123e611456dd5b569bd641417414c75cc6a9dc0e6d60e825669da0defa0280fa922ea04207984231c4582ed40231146e2dfc52317802c2166e2e3c6828cc02221e9eff596a005a2e46ce025665eae6365e2bf8ce7e8d2ec8a628503405dccdc4dbb44bc5a9ecebbeae3c78ac24c02cf0e6eade01d4c32c83de341362114f8f8e511c9111c9342b214465f55ca9221444cb8d2a16a0831f46ad23b8812bf4c1a1644f29f4ff0159a42939ba65b5595bfe4087f9ae63bbced4f2100b4f8d0fdefea540f8a33278832e7ca0350ca62e0c6e19cf826402b02680c4de24c32578c2e1316e0233221d5f6487360b8846f020c8572b80033bb0034589ee15882c504082ca4ce08b29034c7ef0c58530d6adacaf916e989830cc062963ac81bf01c220a8c9ad1d1c62e113ebc15ab2122dd14a299aac58d2b6cc1f2c710ce649c7ac60556c1bd2b9411f40432f1883f6862d29548d92510d6e842f14478a149b2f9c7a8a5d5e3116f3d409fa61ac4c5827c74207a0422e90f147f402ff4ec3b550c21a134331dcc22cc0822cdc022cf49f02e7191d532e5669e88782a801762aee808339e4835650ffc11418c0b910c20422f23f2af21631725c3972088fae56700aa798f024e42a2ba04ca74e276d3c4c28ffa4fa8a0cf31ca767d851cab8098c5d4fd0fd25d436efa68003e91e07415319348002289c41f6648fbd5d4ad9661f30c3a7123402d715b3bbde650a26f39d72c92a36330bc3982ec4833664836066154868c230ccc230f042823ab07f30ae28d48228dc02327028029ff322722854536cc59e06615518ee5cc054b4833fe4103b48a07d9d8660a5c24cb42a3a4c5723a76b9b1698d6c1670873c5489730f03246213474eef405fc002579dc341a19e53f8998064f8f1e9d8236041dad1c8fd49a425746df9878e927c98112302a34145b9d180d9a12ffc7d5b9f41367521428c1bb620a14a22fa6dc344e6b8c157097f3f5b4326443071803845a6656f1022c8082281043280ce0531b62288082328942c0850231346c9e0dc33983c44536f756636c852d032ae803be22c2b9f42369f8292ae84220a4023f3b428c02d17b8eb7e85cdb5c6f5f5d6fc548c76c415d4c60f31379fcf124fcb1413d89f01e54a81d2354ba58204c5159bc47f2450630d884635bca24c87464a0c219904466d7892218c31a8e7413535b685b8115fe96f7a22f711c826a7fda50b4c32e3cc26b77b237c4c32d58836d67d56d6fd532652454b3d73235032f3443288433729b3323566e733b776d672a748f824010562f4cc14f508469c8ff582e00428ca54207a36ce7c4cb789377796b9f4b3972571034ccfa06630cedb9c177610cc665f81860b60294e893ac45e7ce197946b386f2f68f2271a5a55c2b45c5729bf5c12d40033464efd726022f639f7100b3f85ef85afa06fada654427b329a1015e3c554f7b832698b835a8b88af3cd371bc330542a8b0b4efb21802cd4b82c8882355cb5ff11082fd4022820b02864c2222a376766151e73b5033b439bf8924a66f708e5422e6cb72ea8f5e6b4b554407994bf2758a0f779a3777aabb7a564b9a6804c660954b256569873c2325c433118c33cd9b71c9dc931a6f9f1eac21f68c38d2c43243c02f52e03b6728c64a4fb2745011fc48029b8831fdcff3928e8b91f288212602541bf941b007a00e8c0d4ac2ba6d4a5267d1266b4effaf2452aec823b54c9a8f4e3694c83894fa68a27c3a4fe995463422d587a333403681af032b1972c58e4393bf0a933b0aa5bb58642e8e2e682338028086902be0e887a25f9767bb7a3a18337a943b00b7b58c067b09f62958bd34063f9410fa72ddae23ab8c2310043745f830054c3016883352883f314865f64467e2b669a934620acc68d948241480211ae43fa887d57c6796458811ba0c229988222fc4142f60234d4fbd79a022f93e36e01733df4c30f027c313b592399e03b62b17a28c23de0c377399f1717433cd0b6a4ff5f268cd0304083a90f032cdc028d2bd3c7e3ffd9a74f7a025baa721f5ee4372c81e0f8e5baf82fb53c0859e61ad782fbe0c230e4ba2e7803af3fda5444c2cec7f557e4fef6f1bcacda7541af83960f057d2f166100c3005c83f23bfd3444bd355cc3000c00382c56c69cdc0da6b969fc9c29dc4839c4e064e0e2248883018cc3528db03c7c8224708939b43dbce702a3ee422f288283f33941fb391484efded7033a02fc690304142b50a0487ad5c655c236931042828408d1a449f7e4cd63c7aad53765b1a675b8550c643151a286951c56ab5649642b918572f972984b58218bdd42990967a69123758a4a6672d8cf9db566699a96cc822e9aa288a134860b57ae5ca874a552a5cad1aa47ead445f27a0fff6c58b161addcb37216ed58b56bc1a275fb362ddcb267cdcab36b5792a475eb24be7a25116142c1c7080f18754d40626ba5c60d18b06c193057c7d6ac4968a8f21a56ac0a756ed58ad0aa419b9405ca854b5cea496a243dca2b49de232b7226a57b2049c03369acda9c3a65caddb83fa440ed0265ca4f294589dcbcce3bb039587bfd02b41d58d04d763704090e94e426b0ab856dda4044b566a1958a90226554a66b5a3c63348b652a6973564c962d5fc24c164a169044b9a9985c76e2a9a7641404eabe5a9219a99861cea1e9276484210a93a8a64ac52a5556d18a2baf22616badb7483c91acb4c6521145b0ee9227afbdf8920830c15cf9c4b165aed931ffb16ab471479a018e310c18703633c490cb30db6c33cf08216490410411049053b449cd14365cf1c691e72481c40a7506a8661e2bb011809a2bc4f94d1c774cf9e38c3e76c90393e4a4508235e7bc73c38a7eaab82780eace22e8bbec5ee94e2082c013ac8d4720620392ca209944bd792051079d5fded3241e6d7209e9a7a660290996fdf873e92754932966965a78a92fa4036555f0a792423969160577c2c591077daa109a0bb5d150176f3acc6aabaebe6a11ae169d7d56adb2c4520faf1869bc162143801920c81d1113401b2904702c98210700e698425859234957925cb2c942408392b440d81467d856e6c1471eb3d4e3eb0a6ab091e78a79aa79e6ff0a3e4e21471c457031e50c4c8cbba50f451451c214e72421288a44a00034d04007c54ebb8d05bace8d835c614511861ada6c0d4ae59904127056512516903ae0c61a50191c8697504ebdd556544351903e0145e969d65a4be2a596a37f7a30195c44b00f28637681a696a78699cad8ab3edc4ac47aa03d1bed68a5b58e45b1aa95e48a19690c0c181dbde5b1946a1c2b806fc706000798560a71d75d242b6352de2797913210404c494d1b53b869e50ab85dbcc28a2b281ae08a2b26396412495001840fe07e2be50f33a081a617e5943843634237063964b414d56ebb93095539a11a216152669ad559e53d9d511926246b7ed6ef56974c7ae93f0567a24fff94fa644dd069a2194cc61b115e6249eb5e8cf11aec0ec7563612b3d35effd9b5cf1e01afceaffd6b9295ed9ee60077dcd1466fbe0b70651e8f890c3008a12e1b25645d9ae14ce008310a4de9e20f8f1387294e910b3644e21103e8d73bcea20e0158412f1501c72318810adfa0c64aa5d08312a0018a5ef8411177d298c99e13b240f98b50b8e30e77be13988530c415bfdb4cf020e19e6ce4221bce6804f20a840d0661031ba5d21e838e56c58f2ca57a4ae3894f7cb2bd9800251e8e70c97e6eb10bf13d2513b9d04555c40622118d887ded8b23daec52b975d04f22ee620562ac818d0308e01a0328806316908175f80d18752b60bb12629920c6eb4971ff90120425680a5c9c0215ad88443096710c2cd0e32ce390c63482518058bc021c93e0032a72418e4588e30fa9f1030b6fd18b3ec050095d724e0ead6043915d070a86ca9dee7aa89057b881214264c524e4970e2382a41e8c1886353e9509279ac48941235af36c15939704088b22a9def57eb53c9520e31db918234bcad88b5b0c2b8d54311f3a5a813e38ce119ff90c0bfc6224b7fab182100210873502e9b74116a05c83ccd12822c3c88440c25d0ae4cc931ca88c2a3dce929864042424a10b6978e31109388b320a408d57ac23849268846f7cb326e0984209ee74a1eb1421bbbc100a0abe0c80ed48364c604ae210c110cf318128c4755c6166cefc85ff378e588c7a38629ad8701a368166ce2f7ad325d41be74ec4b9135afdec25c6388737c968c6f1e1229e81986788d2774f7dbe358eea29d8b5fe090c5dd46d6f0af55fdf1ef38b5f10821507148c4413b73841e8824dc3aaa02e56318f495c631ad928075209368e6a50033692808733ac404109fec61de250421f40e1c218dea920bb4c2ded6e38b242356787de79c521c4338994916765aca8c87ad4a12990e4e206f128498494e7c46b026d8acf7bde4b92262be72e8d8a580d45f764d192b28a6f585229d65aed0957efceb1738eaddf3f93948e65e455907b85cc3236f157561c43b08d5460219e341a8b7263826f52a32ed820894950a313ebc047e7acff808f6b00d02ef398472450618a063f8e0fe3008e22ce700b1726420a19de986a6b68437fa12c3b261bc89ec8b390ec00713356980752e91189a5660324fa70062682920be50dc3b850840531acda9fac36375607ea0915c7e89277586025425bc92ddaf94e0da1226c1e42873dddfa5d2bb74fc134bacc31de7b8c6da1d73175d3d4208011581bb1433091d24c61a5644253bcf90f8040855ad7d039699c621a23b8023eee71854eb0831d7929982452e166094bf8a58a206d2f12a1840c3bc2a63ccca98779aac31d2aea10873031321152997b4ca24cf34807f1609c0b19d3f8b83986222e7861d5a2fde75340eeeaacba596464dc229deb5cf22d88018dff5b3c2517dda88a32c44636afd4231d5756f6d9c42b11351f0e70e71ae47adff3d7425886aef57ba802d9001ac601228214c4242a381409665a411a87b8063e76800f2c60a11547ad1c147ec00a96464e82a951b4854971860ccbc1a634e4932f71d85393edd020b53554a75911004b510412e85046a9e9110f642c0f8a196fb5abb1cac470cefa4041c1ea7eb4c188efed9ad7ac7bca29849d0a627fc38d5e49473aaab3961b3a2b64cb4e5b16f2b8edccc82b9190d15420feca8675655bcb419c6f6806a10c37bf69dc6a15041bb200b730edc00a8fc88733f89505916aee0a8cf8cd223ceb8e7ea4c61d7ee8432f189de19a463ab5bdcc79c15f2b621e1eff64d39cd6cca75b61167ab44215ba38a23e3c52122862131bb980e2c65dfd922b264d8b079aeac991c10846c842c928efb5f8a2d2f2ab78c8d8e9531ffb6eaef3f561c1110e81e8b30f27af55fc224a8263054469b417cfcdcd15adf7b62a0a7d8a71f80615e44e85207ec10a6754ee0a609207090c70854560011ef078479fcbf1e0df5cb24da9e98729f2b0f646673851af91346bad93c3ec246a500629717338bdb24f7f032c0bfe86e01fd1810e38e2c688978ae219df63978002f24462d674056b966b258ce11dca81f298ac9d384fbb3a04e6420fd9c4c2c36ea8f44a8f02e70e2c6acef4d6021f9c8111222152722f33d885498c0e667a6712ee2846ff9aed653022347ea1f7582af838441054e111582112e046d0606312b2801c0c20fa16011f4828f816e1922a681cdc24fbd48eed48c1d1a2c03bc42fee68876d7aead2308d3cd8afa83e6d1424e11ef0c1bc94a1fef6e11deecf2432e127f64f2afacfff0010f2b2682484621848c20057e214de610199ac19ccc801d588bb9405d9748a1039f00209ae03a1a50a1c8111cc01666046a232c3cc6a6b0567446e3a6dcdbccde9580a93a4ee2a0661127410f9ae8000d2820fde615ff8e01ed0a111d0a0c17ee3cdf40738dcc414fa80146ca914a4a009c2efa608a52ce6ce76eaee645046d3dae0985226993e6d1992cd0afe8e1e3ac00c9dc119e261ac82021bff7a26d672c10d7bac1902500ecb69690a50d718410f758d01fbf08c8885d8408f2bd087e60a111ee3b110fb8c46e6a1e6dac6bbc24808ed410d5a8133982481904430908eae108833e8eb66024161c6cd065561103e841d1c0246f20218268160ac8011562c1f440a120cc0b32407b4e4a04d42ab16d7ae0fdea411d2af170be263286d644a661865ab0d0ee115f282d320e11ee66119bea12c40cd193ac000e2c1fe8472acae31f1a4a240b6d1246ac5f10aa4b9244fe4962bf36ec1f2f6f016d0f1aca64217d61144d06710e5112ce5111f908e1e98491edcc72caca32dfa056dd0c1110ca01becc11ec4410d08010513c8467e8846f0a8e772cbf578cf84ff4e619538e413572134e6e139288b07c1b019f7a51e062c1e1a8182c66111acc41de4603a82e371d6ce18fce04df8e00a526b63ce222fc8efc3b0d02d0a62b68cd1260f0227af60197ea14cae401faaa003a6311e72b30ae2011d70ecb73ea5aa80e2aba648689c3217d22824706269be4a2a592217de61e4500e2ba1422bb9b29ebcf21dc3523b7d6966e6c19f221212280b2eced244d0f244aa632fdb801596f0145641f6f05221e6078f70cb2f5be1f566900fd0a0211ff24990aa726003460234c1f0611ee4213cafc0001c410e50811b1aac4d4c4107748024c5a1147a01143af34de2ac0da8f039acf03483e9fc62329866eb98be4365ee4112629315ffe68104e841c670331e2c201e9c611f1c01170a042961c10d995338b1c1298b21193281260ca48ba292f290c102f4f03f32efd698ccacb2ab585eae2bcb263bb7533b014522bcf35a00cd21c4132de461c0f8c52ea4250034872d29702d35e62f0c811052410ec6810fdc535d2a8351f41230c263cd0ae16652810f2a73303be421dd530dea214033eb15cea28eec020bfef30ae04112c801157eef0f3073166991424dd20ffe40530181533734fc3ec60a2b2dc48611d368b239be836628621946411ef2211f48401a3b20462d40462da00368951bbea618b28117186f6abe8a2943e14779c257780248a5d21c2dc0e4c80ae5dae929122f4aa58cad8ead4affad342ce9eaf668841ed823745e8460e66151ef820367a6c0ee623c27f23526c11006e114e4c014c62193fc914ec503214a2c3c96a410ea46154cc84f1ba14360ef4308a11560e40acce12ee0c652e4a10ad4e318902a2fe46111ae201258ca14e4c05d47728252c3243b33ce00010d024113028110ae030c43f525473526814ad34ef52f70521eea061ff22166eba11e7093566f36376354577b752917c4679f27d604c43ec489699035f3cea12aadd25971011b3c8f1dbdb21eb2c05ab7130b26e1a4f6026ec24b2222d2dcc4b48e1c8b1e0a545aae201f1c8e603a87b2ce923c5f242f5ec1150a4110242cb4c401150a083ee3cb100eb2150641154e6111ff16811c06f3063dc430059672902a019ca15061e31e44ea1182c161e1a6113cc71400811bde6c82e4407f3236354a617c30a163034110ecc00e36611008210a24e1176f2e18b5a33bd0c22056b635db8022c0e11bf625667f725693f466933467b5016846a52468c50e272f6895462784740e896cc9d4a11cde4149a772d7cc2a2ae4a9d8d88a66d301126a8ee0a636e7acc06af56286e447db6266c5d0d6731c622224161fe201a9c09546e0664cd5e3350ef615d6601972a1621f477fc8a18032c34690246f11f2171641c2fe1652874f157e216005b610d0362cd80184d2f511ae6007b0a07ee5210bec421d72611c30731cc4412467007365c90f8c0113ff322110bc401036e10e5c380e9e840dd6c03cd3cf7553d60d40a7264d9476e581156213056296f0e2410444007a8ff8c8ce306779e116380eab82562788562aec30ba9041ac240069cb811b2a848c9cd401a18cd890e58db2971ebc172c2b7186fa496e222512b0e07ce78a3d70972ee4c11922611ed421b0ccf26d1e7622dff6174e213544587ffa410e000b1231c3335e6f11ecc162c78132c9ed1303d5819989c0c0220bae2173ee6219e4e11a60034137801f3eed0aea0115de348445587339778230011342411304e10ba2240e466114e2800e3ae3dab0c07d82f13b46d37652c62f6c1299d4c31520a3060874888918898f98568fac1c4a21172e8ee3ff420114a0388d720227c04a686ec119cee11d18e179cbc1e4c6e816d86969c1268cb5e28d660e12e8212c748ab5ba179ec1a26ab136839d632ff2e8771e211d402d6e68e6771c212c9eea11ccc111e8611552691d0ed69e332be15aa194037990f5c71df800340a810deaeb14dcc11e2eb39101d71cac82810df333fc91c0e4e1900a401e962118bcd55b0d80cfca94831dd9912d567fe40090b1c41452381636210e62380e3821a86fb933d6a06a17f5c3a6f0fc52139877f83b0ec12e8a7919b0001f6656568d7899a1f766c3c114cec11180d79cb4472ab0b900c31a19d0e19bc1b91cd65a9cbfa79cd969177e2d2a864dca1e618cb5b78ccdb8106706a5ffea17400f56d0f4991556a19fbdd32256465ffa2c1fea4170c0e1172661155ca15bf5026bfbba6d57e61b1c39353ca01fccae1f58c003cc8e05dc61b43dc0b44d5b2eede191cde74396e1335861c05074c5a4a10946a00620f71d08d5a52341c5020034bfe41d54db911939b400f94a4c6111e62013f6e00e6c990e9e9b1338810ec2a0a89da06adf5825973a18ffc2a9910936b0003220a1aaf3411f2e601abd39ab8fcc024a611bce0169cf211bcad99cd8502ad270796eed11d05b9cd9ba1c24a0115af9d6ba38aea1d4e5a4759df15aafe13900400da58eaac12dd25bada57e7ec71fcb52bc56e611c641041d0b815a211558e1a45ee3202c3b5d5d8110ffde9591e592a2dd4142577cc5515bb541ba1c08771964f88155b772ec824fb6151210b3405d3a73107322e5a11e10ed83ed21b41f2784dfec1434c10eee8010881aba0b210caabc107ee88d3b67636e78180dc22f4ed5bf0a7412ea06b685781ab13abd93541cb6c1f2dcfbbd53c1d7027c2532eeb84a82959fc28a8d411ddc1c692580bffffc3fca59c99cf416a8732baf974a1d22af133ce7e2578dfd8bc427d29fde56602705c55ae1175a217412ce100ac143f2d82f5c0118421ca560c46d5961106afa323bdbc55bdd1d3c20b529930fcca7c63f830d2a47ae00f42c06cda5cd953479905a2261b81919d6df353584a31bf6c0850b88caa9fbb9a97c0dffae5c22d0177d6dab39de62444bb46d2d721e7e7819c65bc67213cd97f91cb6c1142c8f11b2d8cdcbc1bdd14115728118d84eded90e1a4a811cce812ba8d1bda1971124c0dfff7cad1370c9acab49a1e129b80110119d5adb79d119dde11c1da56b722f24db39267205f519d39741b2eba7d3db14c4f3a2ae504115fc91cbc4cc6a83d920d4951094e183d18ed55d9da22dd69431c92a1eb2d60fd75f1ec12ec2901e1a2101eaa2d7f32200084083853c36861dc955bb921a5410ee6014c0a0caa3fed9c3600dc2c010b294daa340eb676b124434e5bbdb2293ef33c0bd1e64b577d1fb88d75c9cd19d115461adcfe179d5fa798b58ab4540461d81cf2dc09bffc9f19bfd1ce0d93a17986c9d98ccd7a094d856819eb093e11d3e50ba53c1f8389f573021487c2f1c0bcd566615ba6145f9222180e1665ca1c14f1d18b8a11b94e11754411094411956c12f2cbb7e806110509ca3617ec5533bc6c921a41df2e62bc72cae801e02141f02a003dec100a4b6d7eda2265b1a2c74bd1e6c7f2e4bf8cd447e136ab9caeba00e3ae396eba0ea0d6121b2bc73b223d30e210a589234fda226b183523ca71580011f54e055cb3e6793749953e314d61eddf95bee19211ed83d1e00e29dc077f1ce9d8b27d0a041818c24bc93502ea2c4888d1add42162a143264b77a41338609572e5dca54ad42d74a5da495f5d241a2472f80cc9934ff6bdaac3969debc75ebe44d92274f124f57aed841823469dd159eeb24499a34c915ab56de56257df52a2ab055bf0cbd5a8755eab25506e98d90d768912ba64e5f890de4cc9d3b7b1ee4dabdebce83077b7cc72de2934ad5b755cb5a15ba22e9de3da0f502e093a7181f3e2c561603bd8c19f3884897e9d5a3abd71e3739e2c49912d74d55ab3b9ce8180a13a64e984f9fc218ba6d08eabc2bbc794789f2ea501b374e2541698bd5785ba0935801c397ef8a3e67f12c881888fd9db8718cba7b97e8dd7baa77e72c905f785ea142860dbb4f7cbfe116a661c33676fc886b582e6faa4ca25419494b2fc1745381060690934e4d01c50e53eb44c5ca51ac403589ff53403d15552bbf78939450eb4805cc2f81b882dc315b41724f008b35320e1f5ff1f4144fec7ca3ce3b78dd28d75e7df9854a6083acd24a2b885506d415e62006d93d8f486659664e5e06093b97a563005ff66c27ce95a6e5a21a21add5b1466cb3d156c76d6150d89b6f51b8d1c621931067dc7158bde20614724e62c515902c23993ef538d38108d765a79d38d094e3de44e1f5a70a39f154579d05ea4d8ade3b8c58fade44069083117dc818730b341f69834b8ffd9d94d24ae9d433604c07be2a13163a0925c9650fa6439454ac4cd5ca32e0406261500f4ab50a2ec07af8ca3185aca20b30c8b902cc32cba8188015adb072cc310ef694010618a8534fff3f79dd58975c56dae31739a612060c6f4462e6c465678dd02450563c8999159cd90b495df698c2cd38ee98664a2ebf10c24a6b85e0b6461d747c02666c62e8d6db6f6b4ed2c69b6ed429a7701c4bc2e662933c075d3ef57410cfa0d9a1a62878897af768ccd59d9310a5954ac048a6e518604002c684425f7da0eed20b4899a0c29f498fa8a3523d4eb70aebabb2ee161466424d0209af4102d30a21842c334fad1742b88c38ce3af5a121d12a33ca856e81331624cafc72ad2b04600523b719b0738c331c888b638e3aa2bb0839e604b68a1abc4186afd5995d11c03cade07baf2b905c36093d5a9e36b029a6a0a21a1b85d0b1306e6114827a6cb7659cd3ff15165fdc461bbfd5699c1bc2d1799c24afdc63c53cacd0a3423e249c9cb279d889430e298ae61c51cecebfa34dcc16485ab3cd3733ff9e01e670834cd0f5dd720b31d0f4824ba9a92833d8d24d3f0d93ab51db74cf15add7da933c57c8b3ce3c5165cd75905f2f43885654e842c36ac5dc7a7235a910626eb5128a5434a40c54286319acb8db835e248f0c64401ef3c0422b387017bee06570f658c45fcc712a242de65e8d73123ea6850f69d4ef49d6129b3cde01892b99420e1e28cde754410836ac810e742893990af1093ac0e6744ea0d03c5e1785d81d824e203b8eeddaa41cdd31ee25f82081673a601deb0ca41ce4d0597816a58a48d16c20d65b0fffcd7086bd8934220117f11e47c2573491e82230e9639aaa22d13ef7bd8f26f7d0c9e29c2409fd19655741f2df327e3108482cc82910fa452e7e823fb231706cae68c53794710a54fc0218aec0db5ad6a1980070b077ee005c8eee129abe140e158d60c42a2ec7b8aa3989854f02466528d84248b88297f4308069b24430d011a210ac2804270a211b43c886888580cdc258971328b6693857a09dee3c66c590f5ee0a25730675a637bdf294b18ceff90e23ce9128f5a4a78debc194ceca610e7218631899081a477a413463e8918f40f2a3d3ea11c841daa47587bc90fd740221ad8d856ec0106685849215a2b4a259f77bca0395a10cb1e9ce15cb52053752ffd38a5276e8158949e53c44b08c19e0c51eb03c178f0e6712fb596612f170c6fd2e938578346e0090f9863c78f924a4600612e330853d6670a571285388aca02698c234ba6a9eae10d89c04140fe1b18d15c776c1388453dc109cc848261f7e42193aa7670e339e313ce5a8e73ce9b9c6384ea4023eeb9e1d43458c3c8e84a0a95a95d3da870585cee41eb2e24db03073054566cd9183b8162b72e58ab0e90e6362d1852b82e21656104215dd10e98758b10c6598821cca48295478f215792cd64ff1900be0686a179b8e435d8d080c161877855624a01e06c8973ce8d138ddcd032806f8e993e88149a0a4831edcc8125f7e88b05d5555896108531848079bff6876d5ab6e88e236376627494401ac66854279db7085c548063ac443e73beee9b2f0e0ac1c6f9d195eeb99a8f734821c75ece73030c191528c6f9f8315cc2a98a612c32654b1089295856c7899c8628d1591e8df32801121a8b0c3159368105332ca8a5f2ca3296e81c46851f18acb484281a918c7299441ca0e6d76128a510c16eed14a73cdc55fba3d21e2ec258f55dc2f95476521521b17897715293333c6cc39e821079a9a061540dad51ac2c4dd2fbf0662b7291385bcfa3a36b549acb913ce70ac281cde496637fa4099a044708e4634cf3dcea32ba2baf32874b6f1ae0af9ce7b2a608e5bec939f9e025537163c5007fb311dab9a2e4c484061fdedff06494f4ae488b3e61ccbeeeaccf93b254f20d48a5490e8436b20c42f5011dda74c4515364ec5320cc18e39bd2218a994c93cea61171de888c83b9a656f737abf7258a1323f89c7bd96bd6c7c41e21d8b736e67e681d47a88ed5e58a0473f7a688a5488fa28ae10d31a6e23863289410caba31014d904563a7dec15b16329c8849398b5e6831ed411c1f4f23bd7779e51151688543affbb1e434fc41cf1e95e260c8c0963804217c63006a91a3c984957ba7d98562844c3c6692aeb6fc3bcd2ee842ad414a1b02329a776c531c0b10a654c22b4aed6451b443a0943b482d6a748c52a80718c5cb1c20a89958962b2c00273952b2f363536e256210f48040045ffd0462e719b0c147a081533d866c73d2e40c37af0d20a50c9cc3ce83130545c6b0d98250abb63173bdcb4490cf08d82fc9e62b12b1e624d676593210e411cb40a471ef3f553bf451011789e118eef2c747f1c21bdb74a0aaf965278447a56717e1a1817a032862e72412a6c8ca424196fdaaa06242b85e6647e48b2e1bd24213f09317357c25c79033359e2a60c8b1d1ac4404ac5f20b9be3bc93bf50572a548c2d9da3232f84a447d2990e5562a78b0f872b87495a618547281bdae8504c3d9ab46cca64264fefc007515b7819b2e3f232671f47249082310a656ccd198b62270eb10578a3f9ccb28b2258c5aa5eb66308c1b0311bb34df8a002c1930f7616ff1196d21f8bd278eac108aa800a322333823668951760979700c8901fde1371b7200fa9900da1377a92667aac02135850745193200c157217027b50016a265714245635ba93721df2201ad47bdf00628fb40c24222c5af16afc415185300e32f56d7be10e8d700fecc002cf671724942e873381ab0024920009e7006d56a00a921009f780612db40c93700ce8075991105d574074f47072f9a37b42310fc351806df077066808e3353bb6231c8007326b82879d206f5764082623194ee30c39735fde2101aae01dd6934616e85f08a7781b884fdab06876042a57900aba503ea2471282810e1aa782f4907a2eb81b3a312bba0459f3c00e8b6472b8b2723236ff4992900e3ae18addc20ecaa085bfc00a8690721e152220a562c0500822e40e3a508572010f23141a55922ea880532611406b200fe7d063bcf3646ae88d4ea254f9923988e114e4883692b005f9a75eec153beb7666e4b531fe678777781b7bb731c23109f55067fa4002173010101881dd5168ef640e1778709678897184797e1534a1002ad07005ca008ab8208a88a33e914069a7988aafc241bdb11b0d548633488390b006acb006c284833226834d81143db10ef40214f3f00ac7078c85f01594e41cbf301885810a3c845b38428555680ff0100f84c307a6628d86f10857f00e95a118ddf88dce856d6ad806ebc77e58501c41019257f07f050856ed48ff771412805ed906ae303bdd8487866096bf917f6ba00f3750670581107d764636e31e168881086979e590161be13d42730bdb1091ba401fb9d06027a1712eb182f3103586b469c34865b0a73f44212128d906336443c5e11413021429924a23c00de7032d24d61686b02c1fb60ae390657ce101ae143842390ef3f00e7f716caa300801742d8e800538f485dfe8248d703f93c00790900e48464311e224ada34b2029096d907ff7b8876dc06e62401c6f128806c85ee5353becb687bf01056db00659f09608851098127011a81ee540899197976db49789c690f48160a0e214de008aa2778288196194d62a8cf92aac678e36f4185a293f516139e44662b166ff3568c31348310f29a222293209a8800aa2750c17856a25c107592630af89237b2107a7700fce7094a91018bfb00a01c406d8024f8ed09bf23000f75000be7905c3a52f92f018b5e850f2b003ccb106cb6576405a359c663be5e5779db00587e08e42411c6bb2315b3077da298886d009b2030551e0044e400ffae01917500fe800117f3657949246e8800ef160a6697aa606397994e26712a14ff1896077840d9f980de5930bdd308aab70912da1982bf82a86047b4ba1998894483478a0b9125d91591cc3c863d42219f2a02eba60223387623ba70aa7600f72300e4ee8a135d522a890058c703ea71240b3b706022909d00614bfd006cbf08d096005f580ff0ff73002245005f7009c40210454260fb95186f8b3699a598e6e907f18538f52e40617a599e505a5f86731508a1b50f00357e0046de045dd560fe60170e14129e2b09e6cdaa6d6f3a67c690cf1796021080ac340710225124853127c0a20fc39203a7120f81059e5a87b93b4a0878a592839403bdaaf0bd26432011d8aa10ea8d00d6a93a010b215aae054e3d0a19f5a857ab108e62008ee100f8d2008280a40a8132147410f06510fc6e59b0f7039f8f07dce700cf31009f9603fd7f00d90c01957f0084091314fa20eb3528ec58131cb3a095b60087407777042ac6bf2765bc09669f90a58e03a4e7008fb460f59f0278ec01e633a291518ae06d79e76a9ff7098f797c3e090a0020add033ef9910bf0aa34f3ea129666af0542861fc91b9a152c22e5b35081592bb7a88cea21851a5f101a3f143a9a222616cba00a8b70253f49b14c670fa6f20b558005264118861121b9d208dad83bbe7919ef8001935003f2600efca00efa800e8cd03693f00e9df0039380aff930a064374c4f160969628e5c69877848b4d269b463f51bdb74ac52f40aace0048ee506f3900f41f508d45179e510a67f462928b3b55c3bae5e1b47e6a0897fb91115073eb7300c15870bdc3058f1ba34aa72146eeb9ff043ac88c114749b83c5317296c37633d742c47a61b5f21329020ec1870abac0b0787b0c1a64408bc0a98a4bb17bb1081204ff497fe20c5e43b96c9759f7c02ae7a0b9f962ad28a00f56400ff9006df9401d938001301005f280053e753fcba6544fb6188ed5b3e8387fb8cb5e7b47bfd0d99dde1905adf077717205ddc682ce80290e2101fbd54ee7a00ae6644e66ba9e05d7b56e6a68da730b1fd890f6810cf2f06aa860827b24be9356be9776be3511a068a3206cc19cb0f7209f66517b6b355dcc9c52f214c7905a9fe81ca5b46b40a141e820c09dbab879a12380611285510fcb050c2b7a59ecf07d91f34e8e7054137c54864005366005ae5bb2347005ce500f57700d5620092a520e5790c147c5853fd18dc8d51b9ad926f4f6067f97a4c3a19567c596b811457622456665055090ff0fdaaa0e92ac0ecca35788c2bcfc1533e840c444dc01697a819538297e560199e73d19f129b7000a59a00ade900ba118be4a13091196c5f440025b3c13745b8e4bf15afb4ab05ebc3f47d1208e2363f44bbfab1615e04001e0e00d85400826262523d07be3802e3f1994d0d817e783a201a4064eb31b2e4119c865c94f61c850d94256900041b1033f504cf1f0088a413534200fce5005c305ba4bc599e3c71884673f4b113b50219db153a447dbbbdc1905b9237880b7312ce80823eb0856db78cd9b298212bdd13bbd06e16798e7c44ffc90ab4081a7f0bdd8a0a7a5caa7d58c91d79ccd3651bbdd3c724901d5f9c31b4c516289aa638daa99db728e1e52ff4a60e10add4201ecb00a83f02231b6181900010b802e4b77233f4917e872382a164020c6068c09b357900fbe43b79772b3089d2f09d0ab798d0f508118f18005502110f3f00b8c1509e4b008249c195963c6e927763226a5b1937fe918c3ef85151c63277eb80592a0c3239b05964233baec67dd1146051779817690493c29cb9b899b6847f6710b8e1041a402be7a0a52d46ccdf460694b5d13c348bf58317314e2205753d5b99272a9dca830e2216c41d52c1563bd47014d410818950f8a01d6f6bc8c7a91172c805b7541428b707c8501b226199e59400291d00a9020a8737b0ecbe5d7f62209d7603ff5f00e58b90006900ff0202485d40219500f1290ff002c1836ec6002f9e2129884d00f3a022310cbaf5780059883416127ee855e9f4d5680272bf5d06d8c400f7aa557a9f056fbb00f388d9707594f3a1d113e13b69e02c5b7900add4b911529be2ca198a8a7cddc8cceefb872ebfb20b01825af85ce0c9a72db726a62f99219340f14b00001a00a2c0519327105234001ac191ac436dea1310ee630088561595f663993900e8f800e1d32ac57c0088e800e47252bc6891993f000f1300216b013f7305c24800f4f940f8cf018046e0e8e90c31cc408876c2f56f0656eb8aacf166de9e7865f0832cae1065ff8855644455ef97f870de28e500f97a881ded11f66da01bf6ceaa7fecb46cce2f294338d503e31feff3da07011e0e3bdd8800b459de301b2e38b39dce9ebdc0f52622296143bf1d4b19813d13d8cd0ade43cf1d4a4f992f4ec2df3c028b5924a231a36a0815b56925be7b208d7b7a25fc676b1e3187fa27b1f591cf4f0d29d290fc160056f6e35fa200f69e40a57f0e9f8b00ff2800e7cd0c891050fabe40c1920089fa002f5d2645913e996ceaa4d16cb50b06c4e91e1cbf694cb965e9d1d4eec150558e0109ec10ed40160dec10d68da01a58eea23ef0c46fc28f4745ff8e457d8800d41033e1be1977724502ccfdbb92e20f4c0e334b113e83cd594f4212ba7b74bfe8eb422ddcb9e3fac482146812b191400d04e01f9f080ab804a46a72258a0e53a70cf73c1ff17ab892e3ed7c027d9b059e00c09800f834abb4c590e867c196de300979100f9a00e904103f8400154c0ba1dd00af700e8bc730f59100914800fd7400312b00350710cd65624589327089fe8ac0a6d15be31969ee1eed5956eb0047e68bc6787e78f300ef0500ff1f067112101a4e06ffe363d372dae6f551e7919a6f0401ff86960301f34c5b011457371354fcdbafe12f5bac5c4eddc0d943f881a157a9bf47abb13c04eecccbebeac3872463159ab9018d4825cf830aadd910a89d56b55127df74c174366257ea11a638e596d0019d2c172c45d8eeae0089c712f57d006489500c5a5f7883109570005fc20aa3fe618268c950031e94aa42bceaec84398ff30a1154986ac5cb112d18a428412254271e34652462816a17cc4f8ea95c68c6e5e41aae7ac1ebd94ead0254860cec0b973efca917b97f39d080b3de3fd04fab303baa045835aa099f41da372e6860dc3964b6a2664c5ac214396ac58b169c84e1933a62d6a375da994a95af528d2da7490e8b9a587655e00baf324dd3d78509e24847827fd9de40ad2247680ffba023c6f5ee2c48a0dff65c70e122456add4a45135691ddd00f0b25849c748342303f7e8de1b71cfde6a0fe356bf76f7dadeb854cb5ab15ae34af7ee7bf4eee19bb72ef895bbc5ef86764451f93c79f756de9326098ba42c071358b9c72fc1bd77f70c5c79576f1e71becafbba62282f62c5fff50b3b32ccb8d18d452b20a1887cb56449c67929e9d173a61c74887ac700990c28671c78cc894727111e84b0270b7892d002a31c390aa9a46a92a09c5386912a97624419c69864acb12619646e61f116637a096b2c6fcc424bad48ea698b9e74fe93eb34e3caa348922bd6796c1248766347b7c21e5bb248c0249b8c95ca56490333cc26692e807be6c1e795d144bb27cc2de9f1e035d764936d1c7256b98d95237783e40a2cee21e18a56ecfad1b82b1ce1533df3e4a1e79d7caa6be41d67e2a9271e67e631a083d2001d210b67b0e0c38a04f4fa33a135103a6822f322ea08238d3692c4a38f3612a9a428b060299eff9c41c78077a840d00003c4818783ff023bf86942087f8530270a91ea09c3781ce969430e253027aaad44cc65981557bc052bac5c741197a85099f1acb4d6c271c71de39a2b80497e542e2f229d0c6c3277df7d373278274b8795485a69651555f65585117e1f0953cb11e8a169b4461a31e79d119c996d9c45ce44b3e154dacccd95362e9ea7bb7bae98e791738b23ef473e27f1942211f281818a1a20d207c07cf4e90d9e47e6b1c2d61d7e5847487988db2bd3845a2199e44c2d22553efa4042f5908cf25909c006dff9898a04684a041eabe1d9009e9e3ae055049dbe063b6c6595cae91ca6bad92aed688799e62aac9e4a26995b74c9051bbb73d165c67d575107dcb626fb8f9eb94216f22eff8a881bd24922179b574a29235903377aedb5b7954756e1735f7ffbd59c1131519b8791821931071554c6a167b5715687783633c7594572dd2e76451f2cf0c1279e79ee89449228f204f98a72ce8947394918d94bb105c0b942047cb634a71e49deaa87557cb09067901aeec1e0187d80f4599e7936edd94f85267a4f3e524dfdc8a491e6c9879e2c5a6db01c46de7184110e1280c79eabe111c1d3e2818e9e84cd80079480044447937748a011c5d0c5349e858da74c43002ad20a57a6810f6f14031bdac25bb7d0d2b71ba5e36f819bcbc7f0623885e0651deb62176120512f56b0810d9160c32ad2f2087c59ce727c0222e7f83544557c6e04f3e093d918ff810a733cec61ab3b05eb1af63a73b0610d9369036f00840546dc8e772b045e7126a18ae4b45012f8a087327670013ed4e339c7b3423cf8d03174dc031e90d8992416d08a9d956c6813b10224228225e5784a221cc908fb42f28a28e48355f47884331ec140a6d8230106b05a02566335a088a026162090d7c2c68f06de4f27a6a489860ac68758644317cf7aca5390d18c5b340314b76c863c56918d61e0422a794bc5de48e8c613fe67317822ce780ac72949bcf0494e4a5294d880af47a06315bb0b403d1eb14d1d023188982122bf8c8805202e910fa738c51317418e27b26e75b359c42256919bc958ac0d71ca8273aec0347cf4ae703fba42c8b0d088ff73a8c3533f7a02f2eab4832cc0a31e57805923e8513c14b8e20a1c7084a728c00af0fde9217e0acc42fed491a269847d9278c5241cc91237ba5156e710074c38b00198d883a6f6d0552745f98e01c5c302074ce50007848e246ea81c8e88852eb2b19558e2c218d5ca8ab590010975c4a218bec45b2a8239c2beb9112e81238166f012b2bc900786d06c17652cb3cd6d8a499b96c39c23e21a4447085115564a4372c264854894d3747c20071f16718a733aac61ae61dd22521109571406317fc10715d0c8a57ce60312bf031ee28a438fe1e1b167c5e141122072854bda251ff32087ed022a0f2c4ca252f9b88733f2183e4e89d4157c216421e1431237bcffc73e1859294b07b44d72c0a40230c91ad612e00eacc163273fd9a904cee10cea724d92e8d8e65089f2134730b094a273843274a1d4bad90d172b9a46dbe216b7754042bc5805e6de1ed1d57a7cf53f24c8d93f03badf3c4ae22f6d088c93b2088935b081106ab85cc078d7846daa017373f5665df16a253ee575156ac0309fccc10754f081c31e46053bdde9cec13e028b8fb91e1ae3918f00ac8ca36104a374b2700e4730672f78f9ec15ea718e2bc0e3b46e12c23d3830091ce0e30af108d35bcaa71e3fd2b60d7bc9edf9a0a0be8c30d93e6e602d4b6175a004f0c3001b00334d37c081e67a800302f4e9d71861016770ad28c90aea4f864b5da23ae217ffe3cd46799dca225008c0aac588452af03109f1d60d6f65912f7ded4b8f3a814c4f2b4ce9612c56a47baea11084d0e115b4a4a52cb0a1c118867084f35a2547585887a746f0e51c610e5687b8c3e4300739d8e9c4d5c5731caa60c5ec0603187ce4232259a8023de4510518e7e90a93081d9f0e92a7bd44c209f2f80573c6610067e0431e598802c932508f7df0431d93408542d0d351334a62077cb9c716f8e2df8a24a42325c988102422898f40391df93280976d05135b6152b960ce243c2af00e5e1920cd3ab1d5001f0114098d4d59f138aa9d93ba54bb41252a145c112dad3d0ff13e251764d96a5afa960e1c05eebe002d4e5fee2212da4d1ac0ff15ffcc94561130badc8bada18e70ce4f8dea0673931108fbab873d2ceb74c6d3e8eb6cc5919c941d7c58a11eb0bd479c8a5d9cf961018fe474c4ba81c78904dc00129258443e26f1039a31621e9008c215e8618087ae43dcae28a442eed19e52ed6553937046c9a67c9f926c81a4f416922b4c71166564236106b824e2f9fd65e52620b93fb195083a600109e42481882f87517c5a2155d2a40234966b2c34518cf2daade24fb905289011508ec70217daea062a74e1adf9e2a8e426a707ca85a4d92ba474c0f67cf95f089caf999b264c4f60eb23e49a73e6a31ac3cfe7215b1ddc88541cac11a8b8feabc9718aedd73a9daa602c62828f6c2c5c011ff79bc8d7ffa72ea4de41a23a13e9ae2a545e9c7428c30a9f60881538706c02ac230eef70035a781ee630804760a1a1d18b28a08688c01e79c880067404dcc10720290e78e38b2973841b41876f508554a01b7432857d432ec7432eab01b84ed20e7e88075e29105b01b377b010a388c16491800a2807e553057048aab4313dd34b0669b9855830bf79f80565c005a8c80557a23d7568a97131b965c39420599724d90ddd300cb59a39ce080048b09c477030e66bbee4db266aeaa106cb9feab3beeb6b04c092b5595ba74540854838b1c738b6dd09934151a17f5aa163cb82f2630e31818748400b6bd31321e004032019ab89041568843898072c3080b04287bd903a72ffa388f4d80b37b8870e1804f5c882656087098407dc918748b808372084404003361088fde2c2222cb45ce086d7d3066d1041e4a229feb99a7d809034b3158263417fc3897388c1a338870e29079eba3035708589938a1eb49bad488603880507244265c80510228bb3f886f92a21c031b9c2d9af710c28c0c8a22a04bec958837cc10e31a1074fbb1c9c8bb01d12c356b0a17bb4216a7a842f3918adbabea1dbbe789a3547a8a7f1e398fdfa0b37c11390e9432cc80281d8bd4e8988b99307825285500c1e216107ff5a1067288099298e57c80047b3319fe9288e7185578808051880bb4005091c012b90c0727483286883fdc20275580565f0c06ee8860fffc2855a0c4a71503c30733cacc91a0e0096007a9a04183845399478f8325979070e2987abcc3c74b8ca74c09c4898b83c83466c70255db0865660bd5f28c23cf34944530574e8aa620a1c721c47bf8039dda8a74900b0c9c8a13a12938ee12630f426ec1a437cb1a1b530ccc7c1a17cc91f7e3c183e40180fe33e818c4377719280da3d652a0e3c110f56190c26b30879781ea73307b3190ff230ab2b80842a98c017580753804863230fda428838c1077b500834f8841de81909b436dc09a86ccbb636008e7b5305f1d2856ec8465a0c8be50c41a34c2e13fca9e7fa955e79874b5a3374a02e58e915a4288704922e9a7884bc7a04656825d2eb41a980a0e0ff30b280fa862254aad82b0b65f806b7bc91fa5a34c421c79d2947bcb4cb37b142bdc49ccf91872e5403c08c2bc1dca61b32cc489092c8891c7bb1a1ba5a4cd1d02aec7b4cc05a27745a05ff2c12cccc2cd42c4d48580bcfb4086b0b9374300778480546d0bae280045428150b9013b5b34cb70b9ed834498460047e70835c48808408064f998447b0368558cf638b0237e092f8d1496f7825a998455aac456d584e6838ae31233332b31051822e6161ca06714a0481c1017106758095a17a840b700bccd9971dac1b8b938a6c5086b2128e6f18855ff0866c200b11a24fafba4fb91cc7c5e04f38799328c9972b10132b683079f4a67a545006c58d3590d449ffb59748c0413e118d344498d209ac7422874690c3492b12fcfc91dc7b84bca8af48f836fae0ab5428873899044728073e50d15400a8de39367520922b8802cb042865924d84508c4380026d389fbdc0ae224d88993cb67d9a07ea7a197dd08706118d9ff0106378bda0a4526320850a2007ff21336181ae07e9d2e7e2957330900aa8005b49c673c04e758057788584cb410bf1324fd3131139e512d623c265484bd9d39bb66c856fbccf88045449138c7a4a5848c82147f89c45054c3e41d0476550499d174ab5546fea979febc7a06bc33551ba1892cbf13008e2680555c091484807a1b18211d817acac8954780756032cad0aa3796804c2c92cc5583fe0ffa10842928446d81d8ae8cdf5cc87a3659aa7e9b7a5358075859a73f88a52a85270752e9d88c15e8c879d829a9f38877268da75b5c172d89773f886b5aaab56102f8ac35708fa05f3e318c5f8067f152f800db981c59145a30740b5cc6343d87a7a175670b087f5c20205cce1daa6058dd477118c858d9c5690584c658a46209dc604ac0e438554c8b518fa8bfdba0b925914d4d44a464807558d84758888fcd9543ec04a46b0d5a6980cea83319d753421e1d99e0da3bf280e55e08330c9148e91d6df95d61b4889ecccdaa6fdc5fbf9c54610876dd8865220053e001b9ee8a462d45a38b30975c54ab46007cc39d9fa532ab08c4608fa8621548c79885bf7ffa4db44bbdb4513c78345d88525b02971d830d9a60823a379a4c7c3bc227841c784b5d4facd1cfc190d562307d33905d3011a7618bfc7c819bb40b673403649a8a67358d1b54007395187ab7c840d63357370d5570d8e665a870d3e8718dbc31722c7dd8b60db15a31d78b1e290d5a7cb87652d5252dca774f88672a0aee1eda47dd887aff15ae3edb75949007130066e200747c8890a018a9c088a162c1b65c1ca32fdc2347005f2dc8a1ee48a585806f2855bb91daff8428b5650071302c7b8d45bbeed5b75941236085cfa55becc11a20863ab815d0bc9719784fd0bab73027751be85f3262a3018a00b2cd3618435682d76198e21498775c8ba3dd926d1ff40cd476005b5905c73f0067960053e68b583b960d37c218439553d4c26815807fc344d64239c1b43978458b93c1484548007d054565a66d69cfc0665280672a88243d109ea24a5af51bc4bca097e20a57870255ce8860cd1290bd9ae1664d7fb490a748884b4a01276f8853fb30a14d9e22e7edbbff885f634ceb2a8db3286cbff486341953477795056c03480e11dc29d50d1d81720daa105954378f90b27c08244e6cfff25aa38ee2e0aa6e08389350e9b9805368c6342364860d163bb9c49288774288e73b81757e5e473600873680a567384533ee580ca9975803582e03da1b10bd3240fc0905d63db0279909e75238e7d218749e84d5b264523c39d79ff480774204f4dc8c6186c2967f8e1078187042890c453d7c54314ea6a84f1d20655603862dc3ce2e9299f2a870480351bac4a74a0074bbd304848cbadb086ad48af5830cb6f66875110e730d6aabd71cbbbc5bdbc755fc060dc07bd172a09132c50be34f892bf9658b632cc27e0df5d631749725ce54307461868ad2a874698554e6e8434306c453e3b96603f745005fb310e7918ddab5cc3ccb002d742984618e9b112e9535e043e708440fd848d6845ceeddccd6d69e3381779788515628754400571c80b1a9640d0745b7a6805f764aa61809a9ce837c9cbdac44bbc7e8309a456093772064790bd6e50802a98bc4fb25ea1220a0b688a984805ecba0ce5ff538765b0d7b4d12001609ef27d44b676cff17a6bb4a0cf1cc13d5446487364dcc731b055680299eceb8dfdebbb92ab31bc6337c9e3c66a92228904047504a222aaa5200d7358c30a17045650e8c69887b7082848c09cae2d4dc3b98b73d8ec0d5385883807c76c05e3100ece1569b08343bc508c65c09e141612969e4be071853728157a6051de36853322dae05ecf9dc18248c8e557da8a4c189177d06eeae24559d900af413c7565da0ab0900ed861ea7a04d3d10553884aaf214609a9ca48a233f01e4d7ae413f48e206e3e6b656005f79e047a180530f6863bdfaaf91c58fb0e47721c0f75861349ada1fe1e04faadabd1d0aa2fc19f07e7a181c5e3bbff5cf0228104c1c42e47a802a85162c674cc5460c6181a0eab1b0f7598a4e14117e3a0603e20232b98070a1f8f1712e153568cfc0ae947d8be859c042575f1fc5665b904a857b0a8f14827f3ab6584e04d66e569742842f516911111817d58c1712d90a40e53c4eb37aeb1f6ecccce3bcf066e7072aeadca31ef5a3653870b708978b837cbc10cb45572b39e865850064870efb3abf3f8c6f37df906365159bc35588e798c8415f4c474b048b8071c4474eb1b0d3eb9e7b5d85f77c970c3e0ebfaadee47b8743eb109eb734cd1108435d05c642318499887b5d8c73cbc51d4340756903f5d22877378a19567f91772efdd5b07c182c8d40e69d68321c5e0f588ff847548a8f59db1b628c4e923dd7075c8e5a52a861f4c9bd18b872a48a0721de67e5b575bb17637130a6ce796f1e2864351a586bb4a26243974f0b455100d75508669582a6b48af7657067688f774588665c8652715e37bdf73bc1d59c3b827c1881c80d7a1813f747fec47fb012f473070c8597848700227609744b654495ab8853b9663b91ffb71550a9f988d9f7355309c7558d18834d8dd1bf15395877d34ed575ff92189f5d31f1221892793e65b146e45755e64fcde2f471007768a93fc5c569ce6d7afd6ec3ccd8468890a2687a0625841f036800791f6e756ea15b476e7078aecac87d289bd5c38055ef1a938eb107498f3f0d41c70204fa34ffb58ff88b6b67f7bf4967b11ba776ae67334de2fc7b8c22849cc783cf2c544c334147c84e7a13b3e7c80800409cba482060db6c9e26ca1a3470d1f517114919123468c1a99b3a88ad5c18e0521959b2769deab46e8e6cdbb2249d23a952a57ae84f44892bc55adf8389274651dca753ce7fd6ce973e795a257d42d3237e9ca3c67f426b9996485a9c19445571aa52ad54a1679598be20b2b4f5ed8b057f0319d870552ab6fca7415c3566c58a64cb98a652ba6ab5b950ef1de193000d840820a09021f0edc6131e3c6f11e2f5ce8ad1b655ddccad58b67e1dc3947e81ec53b37cf912355aa18a553166b5ab162d35ec7fa8672f62456cb6eff8aa54b97b754a6bfadff42a72e1dbde2c6e9194d39afa32b81ac58b161d34acdaa41932a5e6ca4dd9c39ed1629ae7af4a855a4486b04a287e4b123bd85911ca973e4cc513cd2a4cf3152d52855aa46e50aad77d03ce934a2d35891b064154c58adc4c83a9130e5482be43032126d4001d512533e7138d44ba78ca3533d344d728c3c2815c48e87571905c929a7c473d6575e95355659681585123d91b4a24a2a7711d3cb30adb5964d369ae8824a07ef8800d861fc24505805860566406357faf5583ce844e60c2add7893a42eb9e8e2cc96e87c76c115abac629a2aa9adf69a9c022c93168ae0dcb6cc2f6feda68c32aa00271c71c71597dc721d09b40674adb4f208750e59b49d39ffa8a0d25d2a1691161e79cf9d979e2b017ef4883ae289d7902355d407a92a8e5c5a8e23ab7c0aea3c907cf5ca24fa11f5124c904882c56c0d5178c52419cef6534a1d7248d4484c8db3084d275e81c558f3c4035441281935892b8b2c82ce15fae403d657379695154a2440a2ce2a6f65830d31b0e042642e46ee56cc3bce5459c106f91a4065bff16089a596f144a64e37bb21ac9b37913c22e82a6998c6083b9bc429672c02b462e77278e2f69637bdfd19e8708416c7124f07b193b22bae3c070ca36cae525139184d4a69a5fee5c7e678ad3cc74aa72baf1c601b9038231ec38f44828e7df591c6087e8d30e21b47a02e85922456c8638548aba4e28848ff2c8d84e0b25740b20a2a8b383209b24101b5a14f9398acd2b0578c250f248ba892923ce9d0b4c838c38e2d37398b306295b85f9d456e56f8e8c8e32fa9c0950b31d00c49a491f476f318618825d66fe7012f0670e80313bc902abae8867a2cca6cf24b2be93804b169aefc22809cb029c30ab6280293e79ebc79e327a0368d4c326d284fc24e73cf314a4875a7cd5c332a7cdc9c4a3939dbd40a1b9cfe0c741bae7cdf86f86db0f2887be2a54a5a3c54bce30867d835a24a2b542f4577d6f24ca2ae2a6cb862914e2ad18a264c51c539f8600e61a96d28871a564b8ab50eb555651e75030b16b8a5b65660c111e3481b2af09723af24c057ca411c58c855aeff1ca9255dabf88537f22217b9dc052f79916131cc2102c26c2001e588123f3c57a5be808e310343076416528f54a826164a6cdd32d6f18834c84e62a31040c5a6118b4db8623628c1422b7ce73165f86678ad281ea176024183000d12cf29041b9cd7a68b508a0f72e403390c680efea8220d6cd2de1a86350981a47165e313df2418161987c4a30af4a9cf632a223346cc6c15ea590f3bc856b7794482155c73d54a56710eac08842692384723e4788e9d3c701d264be5b568f3c005d22d9646414b0517c10d76a44412a5708620bce2089cc4200a6ac102410c372ec57da571e850c55be4850d6cc4b04846c24b31ca110fce39c973153080e802463ad2a1ffc93d1758d7ea5a378a65b08347b253053b9641458b09e0175adc629e96e1965804ef4f6224e371fc8832a0298a15cd5b211ca737c73a56cf346c7a56ddead68635340768123564d114d930223ac411ef38c746f303b5f84d6d8106c1e55826918e5654aa1ccfaa4dcce6a10eb2bd6715e598a34e526290074210a7285a20b6c642c21c0dab598b38511b963209bf35829893202631b1f553b298259929d49f32f272976812092f77712136de31982865b330560ae2378788a60e38a31eeaa807eb36714e4eb8e265b26be7356c674501d0699e28a9a75bfc24bc6f00678c8322144e11e59c4539ef17fa99de29c831b817516a3ff971844a1a6a59af40a239ff9945cfd118d64853d94722f6f9cea51ee14714fdb19025158f01a3c61d4940623faa40871524519e4730c2a030412dfd444a377c78e5a740658a2b84158982b0621c0361aa5299ead463a2054786d3d149ddd2c2ace6e285f2ca2a368691002ae42b014e126b10b354d6c79c954bf558ef0acf090c57644f76eb58465df17a318c694c2db70146ef36e1d790ed31129020d9533aa23248a403b16c1a442318fb226e39967afba1acde2e7b3faf2c2751e7399af9ecd3b08b2ab2699da9c8397c132bded203125e190f1dd1818a46b0a336aa98442306b10ad866d211a5e40384b252d88ef0d420f6132ee25ad9d4e21084b9cc5d2a418635c259224e39cbd9ff519bd815c3ec42f3aa30cc452e86310c6ce0821ffb10cc7837c78f80394388e7452f5a17b2d693ba17bed2198469d6018cfa2a51009bd0dd3cb1b00cfef66e4fc21b9e4d044cb2261f6465876d05219c378854a062707e13ea29246cdaab58d60a58ab1bd674228935807a54552895fb1e83bed0dec73325de9f80b2308956a4a40d8f5005399472ab028d852dab504779348911391a4527fea45f419243641965a5d84b4eb292954a8f26cf53b8529e073b4ebaae165a15cb5c8ecb5d5ee8e5670ec31ce0e5c73b7a488e2a012c328c49f3e8ce8b8e0e70c9cd4e49272780710c3530aa477903477df11a4f5c1ecfcf806e8ba07f13e00193cc239a5d23a3ff9fc7076e41bc598d4545249623924d5bf8b24cb982cf308a48d2a0af0a441c2dd328920a49aaed504f294a43e868da6bb5c26ba2c4e475fa23c777fccfd8c4aedfb1a38596e0668598c21a66319b8d85a73cdbc9b3897206ea7182d91c3d1de8f8dd348bc1652c3ff3ea5df6f297c1fc8ebf78b51cf0a80060d0da98853866cdef8eb733d6ea0c5fa5c3de3b6b05c4e6c16f7fe375194ad7e29f01ad27e1fd0238cb20cf60fbb90636aca1a8cd0968a3ab33888773cb148b3085e46d5d90673194d3f7c3b84f4562518764341ea5fa4c7dda876a46a4e1b805a1c73c66823f35a46211a810d03c5a7111892de511a9e00e393e4942de06e87f56797256825bff0f63027558ccf6a3d19fdddca5e7282df480473cea918f79a43812eb6297559fe9fdec66f7cbb8c005d7a1490e1134093054808760bae47e76aff94ce673733dd2510fd6b3e3188e7a992ae4718c6bf4db2fd4895ecdc39f81037ffd9d69fc02cc101e818d85a68dc52bb00c2bb0cc32acd02ff80de599c238549c56d84fc67985a65556dd3c8b4a64d4095601139c8a4474064791c6aab00acacd0a2454d268440239c00323ac07244402a57447a5d01123049bb9009f47184ab4215f4ae8c373998b931ddd53185db32dd5dea5455ac0c33eb01ef6a5833a58972e645bd6795f7775d7f87d9b5c140332f003d801460590c33bd4c3fb5d89daa1c9fcb55dfffdd1433a4cc2de681ffff9df28d4d5c5fc0238081fdf0103381ca09efc422202079bf05a3a20dc71c8832444411414551dd4011444e202b5c1ff5848fd884424661efe48901b2c8bf05dc15478c5b45c013d80c6a964147d8456fb4c964670c415b043dacccaacd59a47a047aef94829bd18242888b964cb7a10e1ee44db3122df113299f2391f533d2353b512016ad124dc615b284398cc10d685e11892a197691d392c09b9791561ac97fbc5a1bba149bca9c305d861ca4850d9e45b85b8821fe2d535fc022b64c0b4ed5521b2c2012662e0b1c9e0f19a4090cc1d704254148418d4012770c22828d120a804d65841210882518dc582689a8558457085608f568c84a7654570a0092c9286e951044590462a14db2430021b5cc74d90c32a041ffe20cde0cc0d0afdd4b05d8b540d1f01f65c942d15c035db7128199351e36c1447d2ec89363a53187a192e6803197a1f380ec33bec835731895775c01b7649daa96338b59d3b1607c0cdc308e01ba3f45f3dd6d7358c42161d6101f2d7311c03305ca0e00d1e38448223924c4000003b, 'fdafafdasfdafafdfafdasf', '123456789', '987654321', '111111', 'AAAAAAAAAAAAAAAA', NULL, NULL, 1, 'sj', '2010-09-15 20:29:22', 'sj', '2010-09-15 20:29:22', 'Y', 2);

-- --------------------------------------------------------

--
-- 表的结构 `t_da_supplierproduct`
--
-- 创建时间: 2010 年 09 月 14 日 13:24
--

CREATE TABLE IF NOT EXISTS `t_da_supplierproduct` (
  `SUPPLIER_ID` int(11) NOT NULL COMMENT '???????',
  `PRODUCTBRAND_ID` int(11) NOT NULL COMMENT '????????',
  PRIMARY KEY (`SUPPLIER_ID`,`PRODUCTBRAND_ID`),
  KEY `PRODUCTBRAND_ID` (`PRODUCTBRAND_ID`)
) ENGINE=InnoDB DEFAULT CHARSET=utf8 COMMENT='???????????';

--
-- 表的关联 `t_da_supplierproduct`:
--   `PRODUCTBRAND_ID`
--       `t_da_productbrand` -> `PRODUCTBRAND_ID`
--   `SUPPLIER_ID`
--       `t_da_supplier` -> `SUPPLIER_ID`
--

--
-- 转存表中的数据 `t_da_supplierproduct`
--

INSERT INTO `t_da_supplierproduct` (`SUPPLIER_ID`, `PRODUCTBRAND_ID`) VALUES
(1, 1),
(1, 2),
(1, 5);

-- --------------------------------------------------------

--
-- 表的结构 `t_da_user`
--
-- 创建时间: 2010 年 09 月 14 日 13:24
--

CREATE TABLE IF NOT EXISTS `t_da_user` (
  `USER_ID` int(11) NOT NULL AUTO_INCREMENT COMMENT '??????',
  `USER_NAME` varchar(30) NOT NULL COMMENT '???',
  `USER_EMAIL` varchar(100) NOT NULL COMMENT '????',
  `USER_PASSWORD` varchar(30) NOT NULL COMMENT '????',
  `LASTLOGINTIME` datetime NOT NULL COMMENT '??????',
  `REGISTERTIME` datetime NOT NULL COMMENT '????',
  `LOGONSUM` int(11) NOT NULL COMMENT '????',
  `CREATED_BY` varchar(30) NOT NULL COMMENT '???',
  `CREATED_DATE` datetime NOT NULL COMMENT '????',
  `LASTUPDATED_BY` varchar(30) NOT NULL COMMENT '?????',
  `LASTUPDATED_DATE` datetime NOT NULL COMMENT '??????',
  `ACTIVE_FLAG` char(1) NOT NULL DEFAULT 'N' COMMENT '?????',
  PRIMARY KEY (`USER_ID`)
) ENGINE=InnoDB  DEFAULT CHARSET=utf8 COMMENT='?????' AUTO_INCREMENT=3 ;

--
-- 转存表中的数据 `t_da_user`
--

INSERT INTO `t_da_user` (`USER_ID`, `USER_NAME`, `USER_EMAIL`, `USER_PASSWORD`, `LASTLOGINTIME`, `REGISTERTIME`, `LOGONSUM`, `CREATED_BY`, `CREATED_DATE`, `LASTUPDATED_BY`, `LASTUPDATED_DATE`, `ACTIVE_FLAG`) VALUES
(1, 'porkin', 'porkin@126.com', 'porkin', '2010-09-15 20:13:55', '2010-09-15 20:13:55', 0, 'sj', '2010-09-15 20:13:55', 'sj', '2010-09-15 20:13:55', 'Y'),
(2, '1284553762777', 'test@test.com', '1284553762777', '2010-09-15 20:29:22', '2010-09-15 20:29:22', 0, 'sj', '2010-09-15 20:29:22', 'sj', '2010-09-15 20:29:22', 'N');

-- --------------------------------------------------------

--
-- 表的结构 `t_da_userrole`
--
-- 创建时间: 2010 年 09 月 14 日 13:24
--

CREATE TABLE IF NOT EXISTS `t_da_userrole` (
  `USER_ID` int(11) NOT NULL COMMENT '??????',
  `ROLE_ID` int(11) NOT NULL COMMENT '??????',
  KEY `ROLE_ID` (`ROLE_ID`),
  KEY `USER_ID` (`USER_ID`)
) ENGINE=InnoDB DEFAULT CHARSET=utf8 COMMENT='????????';

--
-- 表的关联 `t_da_userrole`:
--   `ROLE_ID`
--       `t_da_role` -> `ROLE_ID`
--   `USER_ID`
--       `t_da_user` -> `USER_ID`
--

--
-- 转存表中的数据 `t_da_userrole`
--

INSERT INTO `t_da_userrole` (`USER_ID`, `ROLE_ID`) VALUES
(1, 3),
(2, 4);

--
-- 限制导出的表
--

--
-- 限制表 `t_da_brand`
--
ALTER TABLE `t_da_brand`
  ADD CONSTRAINT `t_da_brand_ibfk_1` FOREIGN KEY (`COUNTRY_ID`) REFERENCES `t_da_country` (`COUNTRY_ID`);

--
-- 限制表 `t_da_city`
--
ALTER TABLE `t_da_city`
  ADD CONSTRAINT `t_da_city_ibfk_1` FOREIGN KEY (`PROVINCE_ID`) REFERENCES `t_da_province` (`PROVINCE_ID`);

--
-- 限制表 `t_da_commodity`
--
ALTER TABLE `t_da_commodity`
  ADD CONSTRAINT `t_da_commodity_ibfk_1` FOREIGN KEY (`USER_ID`) REFERENCES `t_da_user` (`USER_ID`);

--
-- 限制表 `t_da_commodityimage`
--
ALTER TABLE `t_da_commodityimage`
  ADD CONSTRAINT `t_da_commodityimage_ibfk_1` FOREIGN KEY (`COMMODITY_ID`) REFERENCES `t_da_commodity` (`COMMODITY_ID`);

--
-- 限制表 `t_da_contact`
--
ALTER TABLE `t_da_contact`
  ADD CONSTRAINT `t_da_contact_ibfk_1` FOREIGN KEY (`SUPPLIER_ID`) REFERENCES `t_da_supplier` (`SUPPLIER_ID`);

--
-- 限制表 `t_da_product`
--
ALTER TABLE `t_da_product`
  ADD CONSTRAINT `t_da_product_ibfk_1` FOREIGN KEY (`CATEGORY_ID`) REFERENCES `t_da_category` (`CATEGORY_ID`);

--
-- 限制表 `t_da_productbrand`
--
ALTER TABLE `t_da_productbrand`
  ADD CONSTRAINT `t_da_productbrand_ibfk_1` FOREIGN KEY (`BRAND_ID`) REFERENCES `t_da_brand` (`BRAND_ID`),
  ADD CONSTRAINT `t_da_productbrand_ibfk_2` FOREIGN KEY (`PRODUCT_ID`) REFERENCES `t_da_product` (`PRODUCT_ID`);

--
-- 限制表 `t_da_supplier`
--
ALTER TABLE `t_da_supplier`
  ADD CONSTRAINT `t_da_supplier_ibfk_1` FOREIGN KEY (`CITY_ID`) REFERENCES `t_da_city` (`CITY_ID`),
  ADD CONSTRAINT `t_da_supplier_ibfk_2` FOREIGN KEY (`USER_ID`) REFERENCES `t_da_user` (`USER_ID`);

--
-- 限制表 `t_da_supplierproduct`
--
ALTER TABLE `t_da_supplierproduct`
  ADD CONSTRAINT `t_da_supplierproduct_ibfk_1` FOREIGN KEY (`PRODUCTBRAND_ID`) REFERENCES `t_da_productbrand` (`PRODUCTBRAND_ID`),
  ADD CONSTRAINT `t_da_supplierproduct_ibfk_2` FOREIGN KEY (`SUPPLIER_ID`) REFERENCES `t_da_supplier` (`SUPPLIER_ID`);

--
-- 限制表 `t_da_userrole`
--
ALTER TABLE `t_da_userrole`
  ADD CONSTRAINT `t_da_userrole_ibfk_1` FOREIGN KEY (`ROLE_ID`) REFERENCES `t_da_role` (`ROLE_ID`),
  ADD CONSTRAINT `t_da_userrole_ibfk_2` FOREIGN KEY (`USER_ID`) REFERENCES `t_da_user` (`USER_ID`);

/*!40101 SET CHARACTER_SET_CLIENT=@OLD_CHARACTER_SET_CLIENT */;
/*!40101 SET CHARACTER_SET_RESULTS=@OLD_CHARACTER_SET_RESULTS */;
/*!40101 SET COLLATION_CONNECTION=@OLD_COLLATION_CONNECTION */;
